<?xml version="1.0" encoding="UTF-8" standalone="yes"?>
	<addon id="plugin.video.v137.kenh88" version="999999.4.5" name="Kenh88.com" provider-name="V137">
		<requires>
			<import addon="xbmc.python" version="2.1.0" />
			<import addon="script.module.pil" version="1.1.7" />
			<import addon="script.module.requests" version="2.6.0" />
			<import addon="script.module.resolveurl" version="1.0.0" />
			<import addon="script.module.urlresolver" version="1.0.0" />
			<import addon="script.module.v137" version="1.0" />
		</requires>
		<extension point="xbmc.python.module" library="default.py" />
		<extension point="xbmc.addon.metadata">
			<summary>Kenh88.com</summary>
			<description>Kenh88.com (Vietnamese)</description>
			<platform>all</platform>
		</extension>
	</addon>