<?xml version="1.0" encoding="UTF-8" standalone="yes"?>
<addon id="script.module.js2py"
       name="js2py"
       version="0.4.3.1"
       provider-name="jdollar">
  <requires>
    <import addon="xbmc.python" version="2.1.0"/>
    <import addon="script.module.six" version="1.9.0"/>
    <import addon="script.module.pyjsparser" version="2.4.5"/>
    <import addon="script.module.tzlocal" version="1.3.1"/>
  </requires>
  <extension point="xbmc.python.module"
             library="lib" />
  <extension point="xbmc.addon.metadata">
    <summary>Pure Python JavaScript Translator/Interpreter</summary>
    <description>Packed for Kodi from https://github.com/PiotrDabkowski/Js2Py</description>
    <platform>all</platform>
    <language></language>
    <license>MIT</license>
    <forum></forum>
    <website>https://github.com/PiotrDabkowski/Js2Py</website>
    <source>https://github.com/PiotrDabkowski/Js2Py</source>
    <email>ionizedwarhead10 AT gmail.com</email>
  </extension>
</addon>
