﻿<?xml version="1.0" encoding="UTF-8" standalone="yes"?>
<addon
  id="plugin.video.HieuHien.vn"
  version="5.0.2"
  name="[B][COLOR red]Thietkeweb30s.org[/COLOR][/B]"
  provider-name="Thietkeweb30s.org">
  <requires>
    <import addon="xbmc.python" version="2.1.0"/>
    <import addon="script.module.xbmcswift2" version="0.0.7" />
    <import addon="plugin.video.youtube" version="4.4.1" />
    <import addon="script.module.httplib2" version="0.1" />
    <import addon="script.rawmaintenance" version="0.1" />
  </requires>
  <extension point="xbmc.python.module" library="default.py">
        <provides>video</provides>
  </extension>
  <extension point="xbmc.addon.metadata">
    <summary>Thietkeweb30s.org</summary>
    <description></description>
    <platform>all</platform>
  </extension>
</addon>