<?xml version="1.0" encoding="UTF-8" standalone="yes"?>
<addon
  id="plugin.video.4vn.fptplay"
  version="1.6.9"
  name="[COLOR yellow]FPTPlay[/COLOR]"
  provider-name="thongld">
  <requires>
    <import addon="xbmc.python" version="2.1.0"/>
    <import addon="script.module.xbmcswift2" version="1.3.1" />
    <import addon="script.module.httplib2" version="0.1" />
  </requires>
  <extension point="xbmc.python.module" library="default.py" />
  <extension point="xbmc.addon.metadata">
    <summary>FPTPlay</summary>
    <description>Watch free FPTPlay.net (Vietnamese) Channels</description>
    <platform>all</platform>
  </extension>
</addon>