﻿<?xml version="1.0" encoding="UTF-8" standalone="yes" ?>
<addon id="plugin.video.phimhaynhat" name="[COLOR lime][B]Phim[/COLOR][COLOR yellow]Hay[/COLOR][COLOR cyan]Nhat[/B][/COLOR]" version="3.5.4.3" provider-name="THIETKEWEB30S">
    <requires>
        <import addon="xbmc.python" version="2.1.0"/>
		<import addon="script.video.F4mProxy" optional="true"/>
		<import addon="script.module.youtube.dl" optional="true"/>
		<import addon="script.module.six"/>
		<import addon="script.module.pil"/>
    </requires>
    <extension point="xbmc.python.pluginsource" library="xshare.py">
    </extension>
    <extension point="xbmc.addon.metadata">
        <summary>thietkeweb30s.org - phimhaynhat.org</summary>
		<description lang="en">Tìm và Xem HD Video trên XBMC từ: fshare.vn, 4share.vn, vaphim.com, ifile.tv, phimfshare.com, fptplay.net, hdvietnam.com, megabox.vn, dangcaphd.com, hayhaytv.vn, hdviet.com, pubvn.net, vuahd.tv, phimmoi.net, hdonline.vn, phim3s.net, kenh88.com, phimdata.com, phimsot.com, phim47.com</description>
		<platform>all</platform>
		<language>en</language>
		<license>GNU General Public License - v2</license>
		<source>https://raw.githubusercontent.com/quangthylove/thietkeweb30s.org/master</source>
	
    </extension>
</addon>