<?xml version="1.0" encoding="UTF-8" standalone="yes" ?>
<addon id="plugin.video.phimhaynhat" name="[COLOR lime][B]THIETKEWEB30S.ORG[/B][/COLOR]" version="3.5.6.1" provider-name="THIETKEWEB30S">
    <requires>
        <import addon="xbmc.python" version="2.25.0"/>
        <import addon="script.module.beautifulsoup4" version="4.3.1"/>
        <import addon="script.module.urlresolver" version="5.0.40"/>
        <import addon="script.module.requests" version="2.7.0"/>
        <import addon="script.module.youtube.dl" version="18.1107.0"/>
        <import addon="script.module.cloudscraper" version="1.2.24"/>
        <import addon="script.module.simplejson" version="3.16.1"/>
    </requires>
    <extension point="xbmc.python.pluginsource" library="default.py">
    </extension>
    <extension point="xbmc.addon.metadata">
        <summary>thietkeweb30s.org</summary>
		<description lang="en">Tìm và Xem HD Video trên XBMC từ: fshare.vn, 4share.vn, vaphim.com, ifile.tv, phimfshare.com, fptplay.net, hdvietnam.com, megabox.vn, dangcaphd.com, hayhaytv.vn, hdviet.com, pubvn.net, vuahd.tv, phimmoi.net, hdonline.vn, phim3s.net, kenh88.com, phimdata.com, phimsot.com, phim47.com</description>
		<platform>all</platform>
		<language>en</language>
		<license>GNU General Public License - v2</license>
		<source>https://raw.githubusercontent.com/quangthylove/thietkeweb30s.org/master</source>
	
    </extension>
</addon>