<?xml version="1.0" encoding="UTF-8" standalone="yes"?>
<addon id="plugin.video.hkn.phimnhanh" version="1.3" name="[COLOR green]*[/COLOR]PhimNhanh.com" provider-name="V137">
	<requires>
		<import addon="xbmc.python" version="2.1.0"/>
		<import addon="script.module.requests" version="2.6.0"/>
	</requires>
	<extension point="xbmc.python.pluginsource" library="default.py" />
	<extension point="xbmc.addon.metadata">
		<summary>PhimNhanh.com</summary>
		<description>PhimNhanh.com (Vietnamese)</description>
		<platform>all</platform>
	</extension>
</addon>