﻿<?xml version="1.0" encoding="UTF-8" standalone="yes"?>
<addon id="plugin.video.thietkeweb30s.org.moviesplay"
       version="2.7.3"
       name="[COLOR red]HUEHD*[/COLOR]PLUS"
       provider-name="Thietkeweb30s.org">
    <requires>
        <import addon="xbmc.python" version="2.1.0" optional="true" />
		<import addon="script.module.requests" version="1.0" />
    </requires>
    <extension point="xbmc.python.module" library="default.py">
        <provides>video</provides>
    </extension>
    <extension point="xbmc.service" library="autorun.py" start="startup">
    </extension>   
    <extension point="xbmc.addon.metadata">
        <summary>Thietkeweb30s.org</summary>
        <description>
* Addon được HueHDPlus xây dựng dựa vào nguồn dữ liệu trên internet.
* Với mục đích phục vụ nhu cầu giải trí cho cộng đồng Kodi. Chúng tôi đã tốn nhiều thời gian và công sức để tạo ra sản phẩm, vì vậy mong các tổ chức và cá nhân tuân thủ các quy định sau:
- Không tự ý sử dụng mã nguồn của addon khi chưa có sự đồng ý của nhóm lập trình viên Thietkeweb30s.org.
- Không tự ý chỉnh sửa lại addon và chia sẻ, quảng cáo phục vụ cho nhu cầu lợi ích của một cá nhân hay tập thể nào đó.
	    </description>
	    <disclaimer lang="en">[COLOR ffff0000]Data được chia sẻ trên internet. Chúng tôi không chịu mọi trách nhiệm pháp lý.[/COLOR]</disclaimer>
        <platform>all</platform>
    </extension>
</addon>