﻿<?xml version="1.0" encoding="UTF-8" standalone="yes"?>
<addon id="plugin.audio.thietkeweb30s.org.khosachnoi"
       version="1.0.0"
       name="[COLOR blue]*Kho Sách Nói*[/COLOR]"
       provider-name="itv member">
  <requires>
    <import addon="xbmc.python" version="2.1.0" optional="true" />
	<import addon="script.module.simplejson" />
	<import addon="script.module.t0mm0.common" version="1.1.0"/>
  </requires>
  <extension point="xbmc.python.module" library="default.py" />
  <extension point="xbmc.addon.metadata">
    <summary>Entertainment</summary>
    <description>Thử nghiệm nghe đọc sách online tại http://isach.info/</description>
	<disclaimer lang="en">Nguồn data trên web nên chúng tôi không chịu trách nhiệm về sự ổn định.</disclaimer>
    <platform>all</platform>
  </extension>
</addon>