<?xml version="1.0" encoding="UTF-8"?>
<window>
	<defaultcontrol always="true">9000</defaultcontrol>
	<controls>
		<include>fade_screen_grey</include> 
		<control type="group">
			<posx>360</posx>
			<posy>80</posy>
			<include>dialog_zoom_animation</include>
			<visible>!Window.IsVisible(addonsettings)</visible>
			<include name="big_dialog">	
				<param name="bottom_posy" value="2000" />
			</include>
			<control type="label">
				<description>heading label</description>
				<posx>0</posx>
				<posy>20</posy>
				<width>1200</width>
				<height>45</height>
				<align>center</align>
				<aligny>center</aligny>
				<font>font-30</font>
				<label>24003</label>
				<textcolor>white</textcolor>
			</control>
			<!-- Info line -->
			<control type="label">
				<left>22</left>
				<top>90</top>
				<width>1130</width>
				<height>52</height>
				<font>font-20</font>
				<align>center</align>
				<aligny>center</aligny>
				<scroll>false</scroll>
				<textcolor>grey_b</textcolor>
				<label>[B]$INFO[Listitem.Label][/B]</label>
			</control>

			<!-- side bar -->
			<control type="image">
				<description>background image</description>
				<posx>0</posx>
				<posy>140</posy>
				<width>300</width>
				<height>820</height>
				<animation effect="slide" end="900" time="0" condition="StringCompare(System.Language,Hebrew) | Skin.HasSetting(Prefer_RTL)">Conditional</animation>
				<texture background="true" flipy="true">dialogs/long_grey.png</texture>
			</control>
			<control type="image">
				<left>300</left>
				<top>140</top>
				<width>30</width>
				<height>820</height>
				<texture>shadow_vertical.png</texture>
				<visible>!StringCompare(System.Language,Hebrew) + !Skin.HasSetting(Prefer_RTL)</visible>
			</control>
			<control type="image">
				<left>870</left>
				<top>140</top>
				<width>30</width>
				<height>820</height>
				<texture flipx="true">shadow_vertical.png</texture>
				<visible>StringCompare(System.Language,Hebrew) | Skin.HasSetting(Prefer_RTL)</visible>
			</control>

			<control type="image">
				<posx>20</posx>
				<posy>155</posy>
				<width>260</width>
				<height>260</height>
				<texture background="true">$INFO[Listitem.Icon]</texture>
				<bordertexture colordiffuse="grey_b">white.png</bordertexture>
				<bordersize>2</bordersize>
				<fadetime>300</fadetime>
				<animation effect="slide" end="900" time="0" condition="StringCompare(System.Language,Hebrew) | Skin.HasSetting(Prefer_RTL)">Conditional</animation>
				<visible>!stringcompare(ListItem.Label,..)</visible>
			</control>

			<control type="group">
				<control type="grouplist" id="9000">		
					<posx>20</posx>
					<posy>440</posy>
					<align>left</align>
					<width>260</width>
					<height>320</height>
					<itemgap>0</itemgap>
					<animation effect="slide" end="900" time="0" condition="StringCompare(System.Language,Hebrew) | Skin.HasSetting(Prefer_RTL)">Conditional</animation>
					<orientation>vertical</orientation>
					<onup>9000</onup>
					<ondown>9000</ondown>
					<onleft>61</onleft>
					<onright>61</onright>
					<control type="button" id="6">
						<description>Enable</description>
						<width>260</width>
						<height>45</height>
						<label>24022</label>
					</control>
					<control type="button" id="7">
						<description>Disable</description>
						<width>260</width>
						<height>45</height>
						<label>24021</label>
					</control>
					<control type="button" id="8">
						<description>Update</description>
						<width>260</width>
						<height>45</height>
						<label>24069</label>
					</control>
					<control type="radiobutton" id="13">
						<description>auto-update</description>
						<texturefocus colordiffuse="$VAR[main_color]">white.png</texturefocus>
						<width>260</width>
						<height>45</height>
						<label>21340</label>
					</control>
					<control type="button" id="9">
						<description>Settings</description>
						<width>260</width>
						<height>45</height>
						<label>5</label>
					</control>
					<control type="button" id="10">
						<description>Changelog</description>
						<width>260</width>
						<height>45</height>
						<label>24054</label>
					</control>
					<control type="button" id="12">
						<description>Run</description>
						<width>260</width>
						<height>45</height>
						<label>518</label>
					</control>
				</control>

				<control type="grouplist" id="49">
					<posx>340</posx>
					<posy>155</posy>
					<usecontrolcoords>true</usecontrolcoords>
					<width>800</width>
					<height>350</height>
					<itemgap>35</itemgap>
					<animation effect="slide" end="-300" time="0" condition="StringCompare(System.Language,Hebrew) | Skin.HasSetting(Prefer_RTL)">Conditional</animation>
					<orientation>vertical</orientation>
					<control type="group">
						<visible>!IsEmpty(ListItem.Property(Addon.Creator))</visible>
						<include name="dialogvideoinfo_label" condition="StringCompare(System.Language,Hebrew) | Skin.HasSetting(Prefer_RTL)">
							<param name="posx1" value="800" />
							<param name="width1" value="120" />
							<param name="label1" value="$LOCALIZE[21863]:" />
							<param name="posx2" value="680" />
							<param name="width2" value="680" />
							<param name="label2" value="$INFO[ListItem.Property(Addon.Creator)]" />
						</include>
						<include name="dialogvideoinfo_label" condition="!StringCompare(System.Language,Hebrew) + !Skin.HasSetting(Prefer_RTL)">
							<param name="posx1" value="0" />
							<param name="width1" value="120" />
							<param name="label1" value="$LOCALIZE[21863]:" />
							<param name="posx2" value="150" />
							<param name="width2" value="650" />
							<param name="label2" value="$INFO[ListItem.Property(Addon.Creator)]" />
						</include>
					</control>
					<control type="group">
						<visible>!IsEmpty(ListItem.Property(Addon.Version))</visible>
						<include name="dialogvideoinfo_label" condition="StringCompare(System.Language,Hebrew) | Skin.HasSetting(Prefer_RTL)">
							<param name="posx1" value="800" />
							<param name="width1" value="120" />
							<param name="label1" value="$LOCALIZE[24051]" />
							<param name="posx2" value="680" />
							<param name="width2" value="680" />
							<param name="label2" value="$INFO[ListItem.Property(Addon.Version)]" />
						</include>
						<include name="dialogvideoinfo_label" condition="!StringCompare(System.Language,Hebrew) + !Skin.HasSetting(Prefer_RTL)">
							<param name="posx1" value="0" />
							<param name="width1" value="120" />
							<param name="label1" value="$LOCALIZE[24051]" />
							<param name="posx2" value="150" />
							<param name="width2" value="650" />
							<param name="label2" value="$INFO[ListItem.Property(Addon.Version)]" />
						</include>
					</control>
					<control type="group">
						<visible>!IsEmpty(ListItem.Property(Addon.ID))</visible>
						<include name="dialogvideoinfo_label" condition="StringCompare(System.Language,Hebrew) | Skin.HasSetting(Prefer_RTL)">
							<param name="posx1" value="800" />
							<param name="width1" value="120" />
							<param name="label1" value=":$LOCALIZE[560]" />
							<param name="posx2" value="680" />
							<param name="width2" value="680" />
							<param name="label2" value="$INFO[ListItem.Property(Addon.ID)]" />
						</include>
						<include name="dialogvideoinfo_label" condition="!StringCompare(System.Language,Hebrew) + !Skin.HasSetting(Prefer_RTL)">
							<param name="posx1" value="0" />
							<param name="width1" value="140" />
							<param name="label1" value="$LOCALIZE[560]:" />
							<param name="posx2" value="150" />
							<param name="width2" value="640" />
							<param name="label2" value="$INFO[ListItem.Property(Addon.ID)]" />
						</include>
					</control>
					<control type="group">
						<visible>!IsEmpty(ListItem.Property(Addon.Type))</visible>
						<include name="dialogvideoinfo_label" condition="StringCompare(System.Language,Hebrew) | Skin.HasSetting(Prefer_RTL)">
							<param name="posx1" value="800" />
							<param name="width1" value="120" />
							<param name="label1" value="$LOCALIZE[564]:" />
							<param name="posx2" value="680" />
							<param name="width2" value="680" />
							<param name="label2" value="$INFO[ListItem.Property(Addon.Type)]" />
						</include>
						<include name="dialogvideoinfo_label" condition="!StringCompare(System.Language,Hebrew) + !Skin.HasSetting(Prefer_RTL)">
							<param name="posx1" value="0" />
							<param name="width1" value="120" />
							<param name="label1" value="$LOCALIZE[564]:" />
							<param name="posx2" value="150" />
							<param name="width2" value="650" />
							<param name="label2" value="$INFO[ListItem.Property(Addon.Type)]" />
						</include>
					</control>
					<control type="group">
						<visible>!IsEmpty(ListItem.Property(Addon.Status))</visible>
						<include name="dialogvideoinfo_label" condition="StringCompare(System.Language,Hebrew) | Skin.HasSetting(Prefer_RTL)">
							<param name="posx1" value="800" />
							<param name="width1" value="120" />
							<param name="label1" value="$LOCALIZE[126]:" />
							<param name="posx2" value="680" />
							<param name="width2" value="680" />
							<param name="label2" value="$INFO[ListItem.Property(Addon.Status)]" />
						</include>
						<include name="dialogvideoinfo_label" condition="!StringCompare(System.Language,Hebrew) + !Skin.HasSetting(Prefer_RTL)">
							<param name="posx1" value="0" />
							<param name="width1" value="140" />
							<param name="label1" value="$LOCALIZE[126]:" />
							<param name="posx2" value="150" />
							<param name="width2" value="640" />
							<param name="label2" value="$INFO[ListItem.Property(Addon.Status)]" />
						</include>
					</control>
					<control type="group">
						<visible>!IsEmpty(ListItem.Property(Addon.Summary))</visible>
						<include name="dialogvideoinfo_label" condition="StringCompare(System.Language,Hebrew) | Skin.HasSetting(Prefer_RTL)">
							<param name="posx1" value="800" />
							<param name="width1" value="120" />
							<param name="label1" value="$LOCALIZE[20037]:" />
							<param name="posx2" value="680" />
							<param name="width2" value="680" />
							<param name="label2" value="$INFO[ListItem.Property(Addon.Summary)]" />
						</include>
						<include name="dialogvideoinfo_label" condition="!StringCompare(System.Language,Hebrew) + !Skin.HasSetting(Prefer_RTL)">
							<param name="posx1" value="0" />
							<param name="width1" value="140" />
							<param name="label1" value="$LOCALIZE[20037]:" />
							<param name="posx2" value="150" />
							<param name="width2" value="640" />
							<param name="label2" value="$INFO[ListItem.Property(Addon.Summary)]" />
						</include>
					</control>
					<control type="group">
						<visible>!IsEmpty(ListItem.Property(Addon.Path))</visible>
						<control type="label">
							<posx>0</posx>
							<posy>20</posy>
							<height>80</height>
							<width>800</width>
							<textcolor>grey_a</textcolor>
							<!-- <include>align_tag</include> -->
							<scroll>false</scroll>
							<wrapmultiline>true</wrapmultiline>
							<label>$INFO[ListItem.Property(Addon.Path)]</label>
							<font>font-15</font>
						</control>
					</control>
				</control>

				<!-- seperator -->
				<control type="image">
					<left>340</left>
					<top>420</top>
					<width>800</width>
					<height>1</height>
					<texture colordiffuse="$VAR[main_color]">white.png</texture>
					<animation effect="slide" end="-300" time="0" condition="StringCompare(System.Language,Hebrew) | Skin.HasSetting(Prefer_RTL)">Conditional</animation>
				</control>
				<control type="textbox">
					<posx>340</posx>
					<posy>440</posy>
					<width>800</width>
					<height>500</height>
					<font>font-22</font>
					<include>align_tag</include>
					<textcolor>grey_b</textcolor>
					<label>$INFO[ListItem.Property(Addon.Description)]</label>
					<pagecontrol>61</pagecontrol>
					<animation effect="slide" end="-300" time="0" condition="StringCompare(System.Language,Hebrew) | Skin.HasSetting(Prefer_RTL)">Conditional</animation>
					<autoscroll time="3000" delay="45000" repeat="15000">!Control.HasFocus(61) + Skin.HasSetting(AutoScroll)</autoscroll>
				</control> 
				<control type="scrollbar" id="61">
					<description>scroll for plot button</description>
					<posx>310</posx>
					<posy>440</posy>
					<width>10</width>
					<height>503</height>
					<include>scroll_bar</include>
					<onleft>9000</onleft>
					<onright>9000</onright>
					<ondown>61</ondown>
					<onup>61</onup>
					<animation effect="slide" end="-300" time="0" condition="StringCompare(System.Language,Hebrew) | Skin.HasSetting(Prefer_RTL)">Conditional</animation>
					<showonepage>false</showonepage>
				</control>
			</control>
		</control>
	</controls>
</window>
