<?xml version="1.0" encoding="UTF-8"?>
<window>
	<controls>
		<control type="group">
			<visible>![Window.IsVisible(InfoDialog) | Window.IsVisible(SliderDialog) | Window.IsVisible(VolumeBar) | !IsEmpty(Window(Home).Property(script.cinemavision.running))]</visible>
			<posx>865</posx>
			<animation effect="slide" start="0,-80" end="0,0" tween="sine" easing="out" time="200">Visible</animation>
			<animation effect="slide" start="0,0" end="0,-80" delay="500" time="100">Hidden</animation>
			<control type="image">
				<posx>0</posx>
				<posy>0</posy>
				<width>190</width>
				<height>70</height>
				<texture colordiffuse="black" diffuse="glass.jpg" background="true" border="15,2,15,2">main/tab.png</texture>
				<bordertexture colordiffuse="$VAR[main_color]" border="15,2,15,2">main/tab_stroke.png</bordertexture>
				<bordersize>1,0,1,1</bordersize>
			</control> 
			<control type="label">
				<posx>170</posx>
				<posy>5</posy>
				<width>170</width>
				<height>30</height>
				<font>time</font>
				<align>right</align>
				<aligny>top</aligny>
				<textcolor>$VAR[topbar_text_color]</textcolor>
				<label>[B]$LOCALIZE[503][/B]</label>
			</control>
			<control type="image">
				<description>Busy animation</description>
				<posx>20</posx>
				<posy>14</posy>
				<width>32</width>
				<height>32</height>
				<texture fallback="special://skin/extras/busy/10.gif" colordiffuse="$VAR[main_color]">$INFO[Skin.String(busy)]</texture>
			</control>
			<control type="progress" id="10">
				<description>progress control</description>
				<posx>60</posx>
				<posy>15</posy>
				<width>400</width>
				<height>15</height>
			</control>
		</control>
		<!-- <control type="image">
				<posx>0</posx>
				<posy>10</posy>
				<width>530</width>
				<height>60</height>
				<texture background="true" border="10,10,10,10">baloon3.png</texture>
			</control> -->

		<!-- <control type="label">
				<description>Busy label</description>
				<posx>500</posx>
				<posy>20</posy>
				<width>250</width>
				<height>38</height>
				<align>right</align>
				<aligny>center</aligny>
				<textcolor>grey</textcolor>
				<label>$LOCALIZE[503] - $LOCALIZE[20186]!</label>
				<font>font-18</font>
			</control> -->

	</controls>
</window>
