<?xml version="1.0" encoding="UTF-8"?>
<window>
	<defaultcontrol>5</defaultcontrol>
	<controls>
		<include>fade_screen_grey</include>
		<control type="group">
			<posx>460</posx>
			<posy>80</posy>
			<include>dialog_zoom_animation</include>
			<include name="big_dialog">
				<param name="info_posy" value="2000" />
				<param name="content_posy" value="80" />
				<param name="width" value="1000"/>
				<param name="content_height" value="880" />
			</include>
			<control type="label" id="1">
				<description>heading label</description>
				<posx>0</posx>
				<posy>20</posy>
				<width>1000</width>
				<height>45</height>
				<align>center</align>
				<aligny>center</aligny>
				<font>font-30</font>
				<label>13406</label>
				<textcolor>white</textcolor>
			</control>

			<!-- OK button -->
			<control type="button" id="9000">
				<left>45</left>
				<top>890</top>
				<width>300</width>
				<label>186</label>
				<align>left</align>
				<textoffsetx>5</textoffsetx>
				<include>button_dialogs</include>
				<onclick>Close</onclick>
				<onleft>noop</onleft>
				<onright>noop</onright>
				<onup>5</onup>
				<ondown>noop</ondown>
			</control>

			<!-- List -->
			<control type="list" id="5">
				<left>15</left>
				<top>100</top>
				<width>970</width>
				<height>770</height>
				<onup>noop</onup>
				<ondown>9000</ondown>
				<onleft>9000</onleft>
				<onright>9000</onright>
				<orientation>vertical</orientation>
				<viewtype label="list">list</viewtype>
				<scrolltime tween="sine" easing="out">240</scrolltime>

				<itemlayout width="970" height="58">
					<control type="label">
						<posx>15</posx>
						<posy>0</posy>
						<width>970</width>
						<height>58</height>
						<font>font-24</font>
						<textcolor>grey_b</textcolor>
						<label>$INFO[ListItem.Label]</label>
					</control>
					<control type="label">
						<posx>0</posx>
						<posy>0</posy>
						<width>970</width>
						<height>58</height>
						<font>font-24</font>
						<align>right</align>
						<textcolor>grey_b</textcolor>
						<label>$INFO[ListItem.Label2]</label>
					</control>
				</itemlayout>

				<focusedlayout width="970" height="58">
					<control type="image">
						<posx>0</posx>
						<posy>0</posy>
						<width>970</width>
						<height>58</height>
						<texture background="true" colordiffuse="$VAR[main_color]">white.png</texture>
						<animation effect="fade" start="100" end="50" time="0" condition="!Control.HasFocus(5)">Conditional</animation>
					</control>
					<control type="label">
						<posx>15</posx>
						<posy>0</posy>
						<width>970</width>
						<height>58</height>
						<font>font-24</font>
						<textcolor>white</textcolor>
						<label>$INFO[ListItem.Label]</label>
					</control>
					<control type="label">
						<posx>0</posx>
						<posy>0</posy>
						<width>970</width>
						<height>58</height>
						<font>font-24</font>
						<align>right</align>
						<textcolor>white</textcolor>
						<label>$INFO[ListItem.Label2]</label>
					</control>
				</focusedlayout>

			</control>
		</control>
	</controls>
</window>
