<?xml version="1.0" encoding="UTF-8"?>
<window>
	<defaultcontrol always="true">20</defaultcontrol>
	<controls>
		<include>fade_screen_grey</include>
		<!-- <animation effect="slide" start="0,0" end="-1920,0" time="500" condition="Window.IsVisible(FileBrowser)">Conditional</animation> -->
		<control type="group">
			<posx>360</posx>
			<posy>80</posy>
			<include>dialog_zoom_animation</include>
			<include>big_dialog</include>
			<control type="label" id="1">
				<description>heading label</description>
				<posx>0</posx>
				<posy>20</posy>
				<width>1200</width>
				<height>45</height>
				<align>center</align>
				<aligny>center</aligny>
				<font>font-30</font>
				<label>20333</label>
				<textcolor>white</textcolor>
			</control>
			
			<control type="group">
				<posy>480</posy>
				<!-- Info line 2-->
				<control type="image">
					<left>0</left>
					<top>0</top>
					<width>1200</width>
					<height>10</height>
					<texture flipy="true">shadow_horizontal.png</texture>
				</control>
				<control type="image">
					<description>background image</description>
					<posx>0</posx>
					<posy>10</posy>
					<width>1200</width>
					<height>60</height>
					<texture background="true" flipy="false">dialogs/long_grey.png</texture>
				</control>
				<control type="image">
					<left>0</left>
					<top>70</top>
					<width>1200</width>
					<height>10</height>
					<texture>shadow_horizontal.png</texture>
				</control>
				<control type="label">
					<description>Scanning Options:</description>
					<left>22</left>
					<top>20</top>
					<width>1130</width>
					<height>52</height>
					<font>font-20</font>
					<include>align_tag</include>
					<aligny>center</aligny>
					<scroll>false</scroll>
					<textcolor>grey_b</textcolor>
					<label>[B]$LOCALIZE[31133][/B]</label>
				</control>
			</control>
			

			<control type="spincontrolex" id="20">
				<description>Content Picker</description>
				<posx>15</posx>
				<posy>90</posy>
				<width>700</width>
				<height>45</height>
				<align>left</align>
				<focusedcolor>$VAR[main_color]</focusedcolor>
				<texturefocus colordiffuse="grey_a">-</texturefocus>
				<texturenofocus colordiffuse="darkgrey">-</texturenofocus>
				<font>font-20</font>
				<label>[B]$LOCALIZE[20344][/B]</label>
				<aligny>center</aligny>
				<reverse>yes</reverse>
				<onup>28</onup>
				<ondown>21</ondown>
				<onleft>20</onleft>
				<onright>20</onright>
			</control>
			<control type="list" id="21">
				<posx>15</posx>
				<posy>160</posy>
				<width>675</width>
				<height>315</height>
				<onup>20</onup>
				<onleft>5</onleft>
				<onright>61</onright>
				<ondown>5</ondown>
				<pagecontrol>61</pagecontrol>
				<scrolltime>200</scrolltime>
				<itemlayout width="675" height="45">
					<control type="image">
						<posx>8</posx>
						<posy>2</posy>
						<width>40</width>
						<height>40</height>
						<texture background="true">$INFO[Listitem.Icon]</texture>
						<aspectratio>keep</aspectratio>
					</control>
					<control type="label">
						<posx>75</posx>
						<posy>0</posy>
						<width>510</width>
						<height>45</height>
						<font>font-20</font>
						<align>left</align>
						<aligny>center</aligny>
						<textcolor>white</textcolor>
						<selectedcolor>$VAR[main_color]</selectedcolor>
						<label>$INFO[ListItem.Label]</label>
					</control>
				</itemlayout>
				<focusedlayout width="675" height="45">
					<control type="image">
						<posx>0</posx>
						<posy>0</posy>
						<width>1320</width>
						<height>45</height>
						<texture colordiffuse="$VAR[main_color]">white.png</texture>
						<animation effect="fade" start="100" end="15" time="0" condition="!Control.HasFocus(21)">Conditional</animation>
					</control>
					<control type="image">
						<posx>8</posx>
						<posy>2</posy>
						<width>40</width>
						<height>40</height>
						<texture background="true">$INFO[Listitem.Icon]</texture>
						<aspectratio>keep</aspectratio>
					</control>
					<control type="label">
						<posx>75</posx>
						<posy>0</posy>
						<width>510</width>
						<height>45</height>
						<font>font-20</font>
						<align>left</align>
						<aligny>center</aligny>
						<textcolor>white</textcolor>
						<selectedcolor>gold</selectedcolor>
						<label>$INFO[ListItem.Label]</label>
					</control>
				</focusedlayout>
			</control>
			<control type="scrollbar" id="61">
				<posx>870</posx>
				<posy>160</posy>
				<width>10</width>
				<height>300</height>
				<include>scroll_bar</include>
				<onleft>21</onleft>
				<onright>5</onright>
				<showonepage>false</showonepage>
				<orientation>vertical</orientation>
			</control>
			<control type="image">
				<description>scraper image</description>
				<posx>900</posx>
				<posy>160</posy>
				<width>256</width>
				<height>256</height>
				<aspectratio>keep</aspectratio>
				<texture background="true">$INFO[Container(21).ListItem.Icon]</texture>
			</control>
			<control type="grouplist" id="5">
				<description>control area</description>
				<posx>15</posx>
				<posy>580</posy>
				<width>1170</width>
				<height>225</height>
				<itemgap>0</itemgap>
				<onup>21</onup>
				<ondown>28</ondown>
				<onleft>5</onleft>
				<onright>5</onright>
			</control>
			<control type="button" id="7">
				<description>default Button</description>
				<posx>0</posx>
				<posy>0</posy>
				<height>45</height>
				<font>font-20</font>
				<texturefocus colordiffuse="$VAR[main_color]">white.png</texturefocus>
				<texturenofocus>-</texturenofocus>
				<textcolor>white</textcolor>
				<focusedcolor>white</focusedcolor>
				<disabledcolor>darkgrey</disabledcolor>
			</control>
			<control type="radiobutton" id="8">
				<description>default RadioButton</description>
				<posx>0</posx>
				<posy>0</posy>
				<texturefocus colordiffuse="$VAR[main_color]">white.png</texturefocus>
				<label>-</label>
				<font>font-20</font>
				<textcolor>white</textcolor>
				<focusedcolor>white</focusedcolor>
				<disabledcolor>darkgrey</disabledcolor>
				<textoffsetx>10</textoffsetx>
				<aligny>center</aligny>
				<pulseonselect>false</pulseonselect>
			</control>

			<control type="grouplist" id="9001">
				<posx>15</posx>
				<posy>890</posy>
				<width>750</width>
				<height>55</height>
				<align>left</align>
				<itemgap>5</itemgap>
				<onleft>9001</onleft>
				<onright>9001</onright>
				<onup>5</onup>
				<ondown>20</ondown>
				<orientation>horizontal</orientation>
				<control type="button" id="28">
					<description>Ok Button</description>
					<width>220</width>
					<label>186</label>
					<include>button_dialogs</include>
				</control>
				<control type="button" id="29">
					<description>Cancel Button</description>
					<width>220</width>
					<label>222</label>
					<include>button_dialogs</include>
				</control>
				<control type="button" id="22">
					<description>Settings Button</description>
					<width>220</width>
					<label>5</label>
					<include>button_dialogs</include>
				</control>
			</control>

		</control>
	</controls>
</window>
