<?xml version="1.0" encoding="UTF-8"?>
<window>
	<defaultcontrol>-</defaultcontrol>
	<controls>
		<control type="group">
			<visible>![Window.IsVisible(InfoDialog) | Window.IsVisible(BusyDialog) | Window.IsVisible(SliderDialog) | Window.IsVisible(extendedprogressdialog)]</visible>
			<posx>865</posx>
			<control type="image">
				<posx>0</posx>
				<posy>0</posy>
				<width>190</width>
				<height>70</height>
				<texture colordiffuse="black" diffuse="glass.jpg" background="true" border="15,2,15,2">main/tab.png</texture>
				<bordertexture colordiffuse="$VAR[main_color]" border="15,2,15,2">main/tab_stroke.png</bordertexture>
				<bordersize>1,0,1,1</bordersize>
			</control>
			<control type="group">
				<posy>-10</posy>
				<control type="label">
					<description>Volume Label</description>
					<posx>20</posx>
					<posy>22</posy>
					<width>188</width>
					<height>38</height>
					<label>$INFO[Control.GetLabel(10000),,%]</label>
					<font>font-18</font>
					<textcolor>white</textcolor>
					<align>left</align>
					<aligny>center</aligny>
				</control>
				<control type="image">
					<posx>110</posx>
					<posy>18</posy>
					<width>48</width>
					<height>48</height>
					<texture colordiffuse="grey_b">osd/mute.png</texture>
				</control>
			</control>
			<control type="progress"  id="10000">
				<description>Progressbar</description>
				<posx>140</posx>
				<posy>30</posy>
				<width>384</width>
				<height>22</height>
				<info>Player.Volume</info>
				<visible>false</visible>
			</control>

		</control>
	</controls>
</window>
