<?xml version="1.0" encoding="UTF-8"?>
<window>
	<defaultcontrol>20</defaultcontrol>
	<controls>
		<control type="image">
			<texture>special://skin/backgrounds/camera.jpg</texture>
		</control>
		<include>fade_screen_grey</include>
		<control type="group">
			<posy>80</posy>
			<include>dialog_zoom_animation</include>

			<!-- Left side -->
			<control type="group">

				<posx>150</posx>
				<include name="big_dialog">
					<param name="bottom_posy" value="2000" />
					<param name="width" value="800" />
				</include>
				<control type="label">
					<description>heading label</description>
					<posx>0</posx>
					<posy>20</posy>
					<width>800</width>
					<height>45</height>
					<align>center</align>
					<aligny>center</aligny>
					<font>font-30</font>
					<label>$LOCALIZE[7] - A</label>
					<textcolor>white</textcolor>
				</control>
				<control type="label" id="101">
					<left>22</left>
					<top>90</top>
					<width>1130</width>
					<height>52</height>
					<font>font-20</font>
					<align>left</align>
					<aligny>center</aligny>
					<scroll>false</scroll>
					<textcolor>grey_b</textcolor>
				</control>
				<control type="list" id="20">
					<posx>40</posx>
					<posy>170</posy>
					<width>735</width>
					<height>755</height>
					<onleft>30</onleft>
					<onright>21</onright>
					<onup>20</onup>
					<ondown>20</ondown>
					<pagecontrol>30</pagecontrol>
					<scrolltime>200</scrolltime>
					<preloaditems>2</preloaditems>
					<itemlayout width="735" height="44">
						<control type="image">
							<posx>8</posx>
							<posy>9</posy>
							<width>32</width>
							<height>32</height>
							<texture background="true">$INFO[ListItem.Icon]</texture>
							<aspectratio>keep</aspectratio>
						</control>
						<control type="label">
							<posx>45</posx>
							<posy>0</posy>
							<width>668</width>
							<height>45</height>
							<font>font-20</font>
							<aligny>center</aligny>
							<selectedcolor>$VAR[main_color]</selectedcolor>
							<textcolor>white</textcolor>
							<align>left</align>
							<label>$INFO[ListItem.Label]</label>
						</control>
						<control type="label">
							<posx>420</posx>
							<posy>0</posy>
							<width>300</width>
							<height>45</height>
							<font>font-20</font>
							<aligny>center</aligny>
							<selectedcolor>$VAR[main_color]</selectedcolor>
							<textcolor>white</textcolor>
							<align>right</align>
							<label>$INFO[ListItem.Label2]</label>
						</control>
					</itemlayout>
					<focusedlayout width="735" height="44">
						<control type="image">
							<posx>0</posx>
							<posy>0</posy>
							<width>735</width>
							<height>44</height>
							<texture colordiffuse="$VAR[main_color]">white.png</texture>
							<animation effect="fade" start="100" end="40" time="100" condition="!Control.HasFocus(20)">Conditional</animation>
						</control>
						<control type="image">
							<posx>8</posx>
							<posy>9</posy>
							<width>32</width>
							<height>32</height>
							<texture background="true">$INFO[ListItem.Icon]</texture>
							<aspectratio>keep</aspectratio>
						</control>
						<control type="label">
							<posx>45</posx>
							<posy>0</posy>
							<width>668</width>
							<height>45</height>
							<font>font-20</font>
							<aligny>center</aligny>
							<selectedcolor>gold</selectedcolor>
							<textcolor>white</textcolor>
							<align>left</align>
							<label>$INFO[ListItem.Label]</label>
						</control>
						<control type="label">
							<posx>420</posx>
							<posy>0</posy>
							<width>300</width>
							<height>45</height>
							<font>font-20</font>
							<aligny>center</aligny>
							<selectedcolor>gold</selectedcolor>
							<textcolor>white</textcolor>
							<align>right</align>
							<label>$INFO[ListItem.Label2]</label>
						</control>
					</focusedlayout>
				</control>

				<control type="scrollbar" id="30">
					<posx>15</posx>
					<posy>170</posy>
					<width>10</width>
					<height>760</height>
					<include>scroll_bar</include>
					<onleft>31</onleft>
					<onright>20</onright>
					<ondown>20</ondown>
					<onup>20</onup>
					<showonepage>false</showonepage>
					<orientation>vertical</orientation>
				</control>
			</control>

			<!-- right side -->
			<control type="group">
				<posx>970</posx>
				<include name="big_dialog">
					<param name="bottom_posy" value="2000" />
					<param name="width" value="800" />
				</include>
				<control type="label">
					<description>heading label</description>
					<posx>0</posx>
					<posy>20</posy>
					<width>800</width>
					<height>45</height>
					<align>center</align>
					<aligny>center</aligny>
					<font>font-30</font>
					<label>$LOCALIZE[7] - B</label>
					<textcolor>white</textcolor>
				</control>
				<control type="label" id="102">
					<left>22</left>
					<top>90</top>
					<width>1130</width>
					<height>52</height>
					<font>font-20</font>
					<align>left</align>
					<aligny>center</aligny>
					<scroll>false</scroll>
					<textcolor>grey_b</textcolor>
				</control>

				<control type="list" id="21">
					<posx>30</posx>
					<posy>170</posy>
					<width>735</width>
					<height>755</height>
					<onleft>20</onleft>
					<onright>31</onright>
					<onup>21</onup>
					<ondown>21</ondown>
					<pagecontrol>31</pagecontrol>
					<scrolltime>200</scrolltime>
					<preloaditems>2</preloaditems>
					<itemlayout width="735" height="44">
						<control type="image">
							<posx>8</posx>
							<posy>9</posy>
							<width>32</width>
							<height>32</height>
							<texture background="true">$INFO[ListItem.Icon]</texture>
							<aspectratio>keep</aspectratio>
						</control>
						<control type="label">
							<posx>45</posx>
							<posy>0</posy>
							<width>668</width>
							<height>45</height>
							<font>font-20</font>
							<aligny>center</aligny>
							<selectedcolor>$VAR[main_color]</selectedcolor>
							<textcolor>white</textcolor>
							<align>left</align>
							<label>$INFO[ListItem.Label]</label>
						</control>
						<control type="label">
							<posx>420</posx>
							<posy>0</posy>
							<width>300</width>
							<height>45</height>
							<font>font-20</font>
							<aligny>center</aligny>
							<selectedcolor>$VAR[main_color]</selectedcolor>
							<textcolor>white</textcolor>
							<align>right</align>
							<label>$INFO[ListItem.Label2]</label>
						</control>
					</itemlayout>
					<focusedlayout width="735" height="44">
						<control type="image">
							<posx>0</posx>
							<posy>0</posy>
							<width>735</width>
							<height>44</height>
							<texture colordiffuse="$VAR[main_color]">white.png</texture>
							<animation effect="fade" start="100" end="40" time="100" condition="!Control.HasFocus(21)">Conditional</animation>
						</control>
						<control type="image">
							<posx>8</posx>
							<posy>9</posy>
							<width>32</width>
							<height>32</height>
							<texture background="true">$INFO[ListItem.Icon]</texture>
							<aspectratio>keep</aspectratio>
						</control>
						<control type="label">
							<posx>45</posx>
							<posy>0</posy>
							<width>668</width>
							<height>45</height>
							<font>font-20</font>
							<aligny>center</aligny>
							<selectedcolor>gold</selectedcolor>
							<textcolor>white</textcolor>
							<align>left</align>
							<label>$INFO[ListItem.Label]</label>
						</control>
						<control type="label">
							<posx>420</posx>
							<posy>0</posy>
							<width>300</width>
							<height>45</height>
							<font>font-20</font>
							<aligny>center</aligny>
							<selectedcolor>gold</selectedcolor>
							<textcolor>white</textcolor>
							<align>right</align>
							<label>$INFO[ListItem.Label2]</label>
						</control>
					</focusedlayout>
				</control>
				<control type="scrollbar" id="31">
					<posx>780</posx>
					<posy>170</posy>
					<width>10</width>
					<height>760</height>
					<include>scroll_bar</include>
					<onleft>21</onleft>
					<onright>30</onright>
					<ondown>21</ondown>
					<onup>21</onup>
					<showonepage>false</showonepage>
					<orientation>vertical</orientation>
				</control>
			</control>
		</control>
	</controls>
</window>
