<?xml version="1.0" encoding="UTF-8"?>
<window>
	<defaultcontrol always="true">450</defaultcontrol>

	<controls>
		<include>fade_screen_grey</include>
		<!-- <animation effect="slide" start="0,0" end="-1920,0" time="500" condition="Window.IsVisible(FileBrowser)">Conditional</animation> -->
		<control type="group">
			<posx>360</posx>
			<posy>80</posy>
			<include>dialog_zoom_animation</include>
			<include name="big_dialog">
				<param name="bottom_posy" value="2000" />
			</include>
			<control type="label" id="411">
				<description>heading label</description>
				<posx>0</posx>
				<posy>20</posy>
				<width>1200</width>
				<height>45</height>
				<align>center</align>
				<aligny>center</aligny>
				<font>font-30</font>
				<label>1023</label>
				<textcolor>white</textcolor>
			</control>

			<!--path label-->
			<control type="label" id="412">
				<left>22</left>
				<top>90</top>
				<width>1130</width>
				<height>52</height>
				<font>font-20</font>
				<align>left</align>
				<aligny>center</aligny>
				<scroll>false</scroll>
				<textcolor>grey_b</textcolor>
			</control>

			<!-- side bar -->
			<control type="image">
				<description>background image</description>
				<posx>0</posx>
				<posy>140</posy>
				<width>300</width>
				<height>820</height>
				<animation effect="slide" end="900" time="0" condition="StringCompare(System.Language,Hebrew) | Skin.HasSetting(Prefer_RTL)">Conditional</animation>
				<texture background="true" flipy="true">dialogs/long_grey.png</texture>
			</control>
			<control type="image">
				<left>300</left>
				<top>140</top>
				<width>30</width>
				<height>820</height>
				<texture>shadow_vertical.png</texture>
				<visible>!StringCompare(System.Language,Hebrew) + !Skin.HasSetting(Prefer_RTL)</visible>
			</control>
			<control type="image">
				<left>870</left>
				<top>140</top>
				<width>30</width>
				<height>820</height>
				<texture flipx="true">shadow_vertical.png</texture>
				<visible>StringCompare(System.Language,Hebrew) | Skin.HasSetting(Prefer_RTL)</visible>
			</control>

			<control type="image">
				<posx>20</posx>
				<posy>155</posy>
				<width>260</width>
				<height>260</height>
				<texture background="true">$INFO[Listitem.Icon]</texture>
				<fadetime>300</fadetime>
				<animation effect="slide" end="900" time="0" condition="StringCompare(System.Language,Hebrew) | Skin.HasSetting(Prefer_RTL)">Conditional</animation>
				<visible>!stringcompare(ListItem.Label,..)</visible>
			</control>
			<control type="image">
				<posx>20</posx>
				<posy>155</posy>
				<width>260</width>
				<height>260</height>
				<texture flipx="true" colordiffuse="$VAR[main_color]" background="true">DefaultFolderBack2.png</texture>
				<fadetime>300</fadetime>
				<animation effect="slide" end="900" time="0" condition="StringCompare(System.Language,Hebrew) | Skin.HasSetting(Prefer_RTL)">Conditional</animation>
				<visible>stringcompare(ListItem.Label,..)</visible>
			</control>

			<control type="label" id="412">
				<description>path label control</description>
				<posx>75</posx>
				<posy>862</posy>
				<width>1200</width>
				<height>45</height>
				<aligny>center</aligny>
				<font>font-25</font>
				<textcolor>grey_b</textcolor>
				<haspath>true</haspath>
			</control>


			<!-- Button grouplist -->
			<control type="grouplist" id="9000">		
				<posx>20</posx>
				<posy>440</posy>
				<align>left</align>
				<width>260</width>
				<height>320</height>
				<itemgap>0</itemgap>
				<animation effect="slide" end="900" time="0" condition="StringCompare(System.Language,Hebrew) | Skin.HasSetting(Prefer_RTL)">Conditional</animation>
				<orientation>vertical</orientation>
				<onup>9000</onup>
				<ondown>9000</ondown>
				<onleft>61</onleft>
				<onright>61</onright>

				<!-- OK Button -->
				<control type="button" id="413">
					<width>324</width>
					<label>186</label>
				</control>

				<!-- Cancel Button -->
				<control type="button" id="414">
					<width>324</width>
					<label>222</label>
				</control>

				<!-- New folder -->
				<control type="button" id="415">
					<width>324</width>
					<label>119</label>
					<visible>Control.IsEnabled(415)</visible>
				</control>

				<!-- Mirror image -->
				<control type="radiobutton" id="416"> 
					<width>324</width>
					<label>749</label>
					<include name="radiobutton_alignment" condition="StringCompare(System.Language,Hebrew) | Skin.HasSetting(Prefer_RTL)">
						<param name="radioposx" value="200" />
						<param name="radioposy" value="3" />
						<param name="textoffsetx" value="15" />
					</include>
					<include name="radiobutton_alignment" condition="!StringCompare(System.Language,Hebrew) + !Skin.HasSetting(Prefer_RTL)">
						<param name="radioposx" value="10" />
						<param name="radioposy" value="0" />
						<param name="textoffsetx" value="60" />
					</include>
				<textcolor>grey_b</textcolor>
				<focusedcolor>white</focusedcolor>
				<disabledcolor>grey_a</disabledcolor>
				<texturefocus colordiffuse="$VAR[main_color]">white.png</texturefocus>
				<texturenofocus>-</texturenofocus>
					<visible>Control.IsEnabled(416)</visible>
				</control>
			</control>

			<control type="list" id="450">
				<posx>40</posx>
				<posy>160</posy>
				<width>800</width>
				<height>770</height>
				<onleft>9000</onleft>
				<onright>60</onright>
				<onup>450</onup>
				<ondown>450</ondown>
				<pagecontrol>60</pagecontrol>
				<scrolltime>200</scrolltime>
				<preloaditems>2</preloaditems>
				<animation effect="slide" end="300" time="0" condition="!StringCompare(System.Language,Hebrew) + !Skin.HasSetting(Prefer_RTL)">Conditional</animation>
				<itemlayout width="800" height="52">
					<control type="image">
						<posx>15</posx>
						<posy>3</posy>
						<width>46</width>
						<height>46</height>
						<texture background="true">$INFO[ListItem.Icon]</texture>
						<aspectratio>keep</aspectratio>
						<visible>!substring(ListItem.Path,special://skin/extras/busy) + !stringcompare(ListItem.Label,..)</visible>
					</control>
					<control type="image">
						<posx>15</posx>
						<posy>3</posy>
						<width>46</width>
						<height>46</height>
						<texture flipx="true" colordiffuse="$VAR[main_color]" background="true">$INFO[Listitem.Icon]</texture>
						<aspectratio>keep</aspectratio>
						<visible>!substring(ListItem.Path,special://skin/extras/busy) + stringcompare(ListItem.Label,..)</visible>
					</control>
					<control type="image">
						<posx>15</posx>
						<posy>3</posy>
						<width>46</width>
						<height>46</height>
						<aspectratio scalediffuse="false">center</aspectratio>
						<texture fallback="defaultAddonNone.png" colordiffuse="grey">$INFO[Listitem.FileNameAndPath]</texture>
						<visible>substring(ListItem.Path,special://skin/extras/busy)</visible>
					</control>
					<control type="label">
						<posx>68</posx>
						<posy>0</posy>
						<width>758</width>
						<height>52</height>
						<font>font-20</font>
						<align>left</align>
						<aligny>center</aligny>
						<selectedcolor>$VAR[main_color]</selectedcolor>
						<label>$INFO[ListItem.Label]</label>
					</control>
				</itemlayout>
				<focusedlayout width="800" height="52">
					<control type="image">
						<posx>0</posx>
						<posy>0</posy>
						<width>840</width>
						<height>52</height>
						<texture background="true" colordiffuse="$VAR[main_color]">white.png</texture>
					</control>
					<control type="image">
						<posx>15</posx>
						<posy>3</posy>
						<width>46</width>
						<height>46</height>
						<texture background="true">$INFO[ListItem.Icon]</texture>
						<aspectratio>keep</aspectratio>
						<visible>!substring(ListItem.Path,special://skin/extras/busy) + !stringcompare(ListItem.Label,..)</visible>
					</control>
					<control type="image">
						<posx>15</posx>
						<posy>3</posy>
						<width>46</width>
						<height>46</height>
						<texture flipx="true" colordiffuse="$VAR[main_color]" background="true">$INFO[Listitem.Icon]</texture>
						<aspectratio>keep</aspectratio>
						<visible>!substring(ListItem.Path,special://skin/extras/busy) + stringcompare(ListItem.Label,..)</visible>
					</control>
					<control type="image">
						<posx>15</posx>
						<posy>3</posy>
						<width>46</width>
						<height>46</height>
						<aspectratio scalediffuse="false">center</aspectratio>
						<texture fallback="defaultAddonNone.png">$INFO[Listitem.FileNameAndPath]</texture>
						<visible>substring(ListItem.Path,special://skin/extras/busy)</visible>
					</control>
					<control type="label">
						<posx>68</posx>
						<posy>0</posy>
						<width>758</width>
						<height>52</height>
						<font>font-20</font>
						<align>left</align>
						<aligny>center</aligny>
						<textcolor>white</textcolor>
						<selectedcolor>white</selectedcolor>
						<label>$INFO[ListItem.Label]</label>
					</control>
				</focusedlayout>
			</control>
			<control type="scrollbar" id="60">
				<posx>1170</posx>
				<posy>160</posy>
				<width>10</width>
				<height>770</height>
				<include>scroll_bar</include>
				<onleft>450</onleft>
				<onright>9000</onright>
				<showonepage>false</showonepage>
				<orientation>vertical</orientation>
				<visible>Control.IsVisible(450)</visible>
				<animation effect="slide" end="-300" time="0" condition="StringCompare(System.Language,Hebrew) | Skin.HasSetting(Prefer_RTL)">Conditional</animation>
			</control>
			<control type="list" id="451">
				<posx>40</posx>
				<posy>160</posy>
				<width>800</width>
				<height>770</height>
				<onleft>9000</onleft>
				<onright>61</onright>
				<onup>451</onup>
				<ondown>451</ondown>
				<pagecontrol>61</pagecontrol>
				<scrolltime>200</scrolltime>
				<preloaditems>2</preloaditems>
				<animation effect="slide" end="300" time="0" condition="!StringCompare(System.Language,Hebrew) + !Skin.HasSetting(Prefer_RTL)">Conditional</animation>
				<itemlayout width="800" height="52">
					<control type="image">
						<posx>15</posx>
						<posy>3</posy>
						<width>46</width>
						<height>46</height>
						<texture background="true">$INFO[ListItem.Icon]</texture>
						<aspectratio>keep</aspectratio>
						<visible>!stringcompare(ListItem.Label,..)</visible>
					</control>
					<control type="image">
						<posx>15</posx>
						<posy>3</posy>
						<width>46</width>
						<height>46</height>
						<texture background="true" colordiffuse="$VAR[main_color]">DefaultFolderBack2.png</texture>
						<aspectratio>keep</aspectratio>
						<visible>stringcompare(ListItem.Label,..)</visible>
					</control>
					<control type="label">
						<posx>68</posx>
						<posy>0</posy>
						<width>758</width>
						<height>52</height>
						<font>font-20</font>
						<align>left</align>
						<aligny>center</aligny>
						<selectedcolor>$VAR[main_color]</selectedcolor>
						<label>$INFO[ListItem.Label]</label>
					</control>
				</itemlayout>
				<focusedlayout width="800" height="52">
					<control type="image">
						<posx>0</posx>
						<posy>0</posy>
						<width>800</width>
						<height>52</height>
						<texture background="true" colordiffuse="$VAR[main_color]">white.png</texture>
					</control>
					<control type="image">
						<posx>15</posx>
						<posy>3</posy>
						<width>46</width>
						<height>46</height>
						<texture background="true">$INFO[ListItem.Icon]</texture>
						<aspectratio>keep</aspectratio>
						<visible>!stringcompare(ListItem.Label,..)</visible>
					</control>
					<control type="image">
						<posx>15</posx>
						<posy>3</posy>
						<width>46</width>
						<height>46</height>
						<texture background="true" colordiffuse="$VAR[main_color]">DefaultFolderBack2.png</texture>
						<aspectratio>keep</aspectratio>
						<visible>stringcompare(ListItem.Label,..)</visible>
					</control>
					<control type="label">
						<posx>68</posx>
						<posy>0</posy>
						<width>758</width>
						<height>52</height>
						<font>font-20</font>
						<align>left</align>
						<aligny>center</aligny>
						<textcolor>white</textcolor>
						<selectedcolor>white</selectedcolor>
						<label>$INFO[ListItem.Label]</label>
					</control>
				</focusedlayout>
			</control>
			<control type="scrollbar" id="61">
				<posx>1170</posx>
				<posy>160</posy>
				<width>10</width>
				<height>770</height>
				<include>scroll_bar</include>
				<onleft>451</onleft>
				<onright>451</onright>
				<showonepage>false</showonepage>
				<orientation>vertical</orientation>
				<animation effect="slide" end="-300" time="0" condition="StringCompare(System.Language,Hebrew) | Skin.HasSetting(Prefer_RTL)">Conditional</animation>
				<visible>Control.IsVisible(451)</visible>
			</control>
		</control>
	</controls>
</window>
