<?xml version="1.0" encoding="UTF-8"?>
<includes>
	<include name="weather_list">
		<include condition="StringCompare(System.Language,Hebrew) | Skin.HasSetting(Prefer_RTL)">weather_list_rtl</include>
		<include condition="!StringCompare(System.Language,Hebrew) + !Skin.HasSetting(Prefer_RTL)">weather_list_ltr</include>

	</include>
	<include name="weather_list_rtl">
		<include name="weather_data">
			<param name="day" value="Day4" />
			<param name="dayname" value="$INFO[Window(weather).Property(Day4.Title)]" />
		</include>
		<include name="weather_data">
			<param name="day" value="Day3" />
			<param name="dayname" value="$INFO[Window(weather).Property(Day3.Title)]" />
		</include>
		<include name="weather_data">
			<param name="day" value="Day2" />
			<param name="dayname" value="$INFO[Window(weather).Property(Day2.Title)]" />
		</include>
		<include name="weather_data">
			<param name="day" value="Day1" />
			<param name="dayname" value="$INFO[Window(weather).Property(Day1.Title)]" />
		</include>
		<include name="weather_data">
			<param name="day" value="Day0" />
			<param name="dayname" value="$LOCALIZE[33006]" />
		</include>
	</include>
	<include name="weather_list_ltr">
		<include name="weather_data">
			<param name="day" value="Day0" />
			<param name="dayname" value="$LOCALIZE[33006]" />
		</include>
		<include name="weather_data">
			<param name="day" value="Day1" />
			<param name="dayname" value="$INFO[Window(weather).Property(Day1.Title)]" />
		</include>
		<include name="weather_data">
			<param name="day" value="Day2" />
			<param name="dayname" value="$INFO[Window(weather).Property(Day2.Title)]" />
		</include>
		<include name="weather_data">
			<param name="day" value="Day3" />
			<param name="dayname" value="$INFO[Window(weather).Property(Day3.Title)]" />
		</include>
		<include name="weather_data">
			<param name="day" value="Day4" />
			<param name="dayname" value="$INFO[Window(weather).Property(Day4.Title)]" />
		</include>
	</include>
	<include name="weather_data">
		<definition>
			<control type="group">
				<width>300</width>
				<height>340</height>
				<control type="label">
					<posx>0</posx>
					<posy>15</posy>
					<width>300</width>
					<font>font-24</font>
					<height>90</height>
					<label>[B]$PARAM[dayname][/B]</label>
					<align>center</align>
				</control>
				<control type="multiimage">
					<posx>0</posx>
					<posy>60</posy>
					<height>160</height>
					<width>300</width>
					<aspectratio>keep</aspectratio>
					<imagepath>$INFO[Skin.String(weather.icons.path)]$INFO[Window(weather).Property($PARAM[day].FanartCode)]$INFO[Skin.String(weather.icons.ext)]</imagepath>
					<visible>!IsEmpty(Skin.String(weather.icons.path)) + !IsEmpty(Skin.String(weather.icons.ext)) + !Skin.HasSetting(weather.icons.multi)</visible>
				</control>
				<control type="multiimage">
					<posx>0</posx>
					<posy>60</posy>
					<height>160</height>
					<width>300</width>
					<aspectratio>keep</aspectratio>
					<imagepath>$INFO[Skin.String(weather.icons.path)]$INFO[Window(weather).Property($PARAM[day].FanartCode)]</imagepath>
					<timeperimage>29</timeperimage>
					<randomize>false</randomize>
					<animation effect="fade" start="0" end="100" time="3000" delay="100">WindowOpen</animation>
					<visible>!IsEmpty(Skin.String(weather.icons.path)) + Skin.HasSetting(weather.icons.multi)</visible>
				</control>
				<control type="multiimage">
					<posx>0</posx>
					<posy>60</posy>
					<height>160</height>
					<width>300</width>
					<aspectratio>keep</aspectratio>
					<imagepath>resource://resource.images.weathericons.default/$INFO[Window(weather).Property($PARAM[day].FanartCode),,.png]</imagepath>
					<visible>IsEmpty(Skin.String(weather.icons.path))  + System.HasAddon(resource.images.weathericons.default)</visible>
				</control>
				<control type="label">
					<posx>0</posx>
					<posy>205</posy>
					<width>300</width>
					<height>90</height>
					<font>font-22</font>
					<align>center</align>
					<label>[B]$INFO[Window(weather).Property($PARAM[day].HighTemp)]$INFO[System.TemperatureUnits][/B]  $INFO[Window(weather).Property($PARAM[day].LowTemp)]$INFO[System.TemperatureUnits]</label>
				</control>
				<control type="label">
					<posx>0</posx>
					<posy>235</posy>
					<width>300</width>
					<height>90</height>
					<font>font-20</font>
					<align>center</align>
					<label>[B]$INFO[Window(weather).Property($PARAM[day].Outlook)][/B]</label>
				</control>
			</control>
		</definition>
	</include>



	<include name="weather_content">
		<!--weather widgets -->
		<item>
			<label>[UPPERCASE]$INFO[Window(Weather).Property(Day0.Title)][/UPPERCASE]</label>
			<label2>[B]$INFO[Window(Weather).Property(Day0.HighTemp)]$INFO[System.TemperatureUnits][/B] / $INFO[Window(Weather).Property(Day0.LowTemp)]$INFO[System.TemperatureUnits]</label2>
			<property name="fanart">$VAR[weather_fanart_day0]</property>
			<thumb>$VAR[weather_icon_day0]</thumb>
			<property name="logo">$INFO[Window(Weather).Property(WeatherProviderLogo)]</property>
			<property name="plot">$INFO[Window(Weather).Property(Day0.Outlook)]</property>
			<onclick>ActivateWindow(weather)</onclick>
		</item>
		<item>
			<label>[UPPERCASE]$INFO[Window(Weather).Property(Day1.Title)][/UPPERCASE]</label>
			<label2>[B]$INFO[Window(Weather).Property(Day1.HighTemp)]$INFO[System.TemperatureUnits][/B] / $INFO[Window(Weather).Property(Day1.LowTemp)] $INFO[System.TemperatureUnits]</label2>
			<property name="fanart">$VAR[weather_fanart_day1]</property>
			<thumb>$VAR[weather_icon_day1]</thumb>
			<property name="logo">$INFO[Window(Weather).Property(WeatherProviderLogo)]</property>
			<property name="plot">$INFO[Window(Weather).Property(Day1.Outlook)]</property>
			<onclick>ActivateWindow(weather)</onclick>
		</item>
		<item>
			<label>[UPPERCASE]$INFO[Window(Weather).Property(Day2.Title)][/UPPERCASE]</label>
			<label2>[B]$INFO[Window(Weather).Property(Day2.HighTemp)]$INFO[System.TemperatureUnits][/B] / $INFO[Window(Weather).Property(Day2.LowTemp)] $INFO[System.TemperatureUnits]</label2>
			<property name="fanart">$VAR[weather_fanart_day2]</property>
			<thumb>$VAR[weather_icon_day2]</thumb>
			<property name="logo">$INFO[Window(Weather).Property(WeatherProviderLogo)]</property>
			<property name="plot">$INFO[Window(Weather).Property(Day2.Outlook)]</property>
			<onclick>ActivateWindow(weather)</onclick>
		</item>
		<item>
			<label>[UPPERCASE]$INFO[Window(Weather).Property(Day3.Title)][/UPPERCASE]</label>
			<label2>[B]$INFO[Window(Weather).Property(Day3.HighTemp)]$INFO[System.TemperatureUnits][/B] / $INFO[Window(Weather).Property(Day3.LowTemp)] $INFO[System.TemperatureUnits]</label2>
			<property name="fanart">$VAR[weather_fanart_day3]</property>
			<thumb>$VAR[weather_icon_day3]</thumb>
			<property name="logo">$INFO[Window(Weather).Property(WeatherProviderLogo)]</property>
			<property name="plot">$INFO[Window(Weather).Property(Day3.Outlook)]</property>
			<onclick>ActivateWindow(weather)</onclick>
		</item>
		<item>
			<label>[UPPERCASE]$INFO[Window(Weather).Property(Day4.Title)][/UPPERCASE]</label>
			<label2>[B]$INFO[Window(Weather).Property(Day4.HighTemp)]$INFO[System.TemperatureUnits][/B] / $INFO[Window(Weather).Property(Day4.LowTemp)] $INFO[System.TemperatureUnits]</label2>
			<property name="fanart">$VAR[weather_fanart_day4]</property>
			<thumb>$VAR[weather_icon_day4]</thumb>
			<property name="logo">$INFO[Window(Weather).Property(WeatherProviderLogo)]</property>
			<property name="plot">$INFO[Window(Weather).Property(Day4.Outlook)]</property>
			<onclick>ActivateWindow(weather)</onclick>
		</item>
		<item>
			<label>[UPPERCASE]$INFO[Window(Weather).Property(Day5.Title)][/UPPERCASE]</label>
			<label2>[B]$INFO[Window(Weather).Property(Day5.HighTemp)]$INFO[System.TemperatureUnits][/B] / $INFO[Window(Weather).Property(Day5.LowTemp)] $INFO[System.TemperatureUnits]</label2>
			<property name="fanart">$VAR[weather_fanart_day5]</property>
			<thumb>$VAR[weather_icon_day5]</thumb>
			<property name="logo">$INFO[Window(Weather).Property(WeatherProviderLogo)]</property>
			<property name="plot">$INFO[Window(Weather).Property(Day5.Outlook)]</property>
			<onclick>ActivateWindow(weather)</onclick>
			<visible>!IsEmpty(Window(Weather).Property(Day5.Title))</visible>
		</item>
		<item>
			<label>[UPPERCASE]$INFO[Window(Weather).Property(Day6.Title)][/UPPERCASE]</label>
			<label2>[B]$INFO[Window(Weather).Property(Day6.HighTemp)]$INFO[System.TemperatureUnits][/B] / $INFO[Window(Weather).Property(Day6.LowTemp)] $INFO[System.TemperatureUnits]</label2>
			<property name="fanart">$VAR[weather_fanart_day6]</property>
			<thumb>$VAR[weather_icon_day6]</thumb>
			<property name="logo">$INFO[Window(Weather).Property(WeatherProviderLogo)]</property>
			<property name="plot">$INFO[Window(Weather).Property(Day6.Outlook)]</property>
			<onclick>ActivateWindow(weather)</onclick>
			<visible>!IsEmpty(Window(Weather).Property(Day6.Title))</visible>
		</item>
	</include>

	<variable name="weather_fanart">
		<value condition="!IsEmpty(Skin.String(weather.fanart.path)) + !IsEmpty(Skin.String(weather.fanart.ext)) + !Skin.HasSetting(weather.fanart.multi)">$INFO[Skin.String(weather.fanart.path)]$INFO[Window(Weather).Property(Current.FanartCode)]$INFO[Skin.String(weather.fanart.ext)]</value>
		<value condition="!IsEmpty(Skin.String(weather.fanart.path)) + Skin.HasSetting(weather.fanart.multi)">$INFO[Skin.String(weather.fanart.path)]$INFO[Window(Weather).Property(Current.FanartCode)]</value>
		<value condition="IsEmpty(Skin.String(weather.fanart.path))  + System.HasAddon(resource.images.weatherfanart.single)">resource://resource.images.weatherfanart.single/$INFO[Window(Weather).Property(Current.FanartCode),,.jpg]</value>
		<value>special://skin/backgrounds/camera.jpg</value>
	</variable>

	<variable name="weather_fanart_day0">
		<value condition="!IsEmpty(Skin.String(weather.fanart.path)) + !IsEmpty(Skin.String(weather.fanart.ext)) + !Skin.HasSetting(weather.fanart.multi)">$INFO[Skin.String(weather.fanart.path)]$INFO[Window(Weather).Property(Day0.fanartCode)]$INFO[Skin.String(weather.fanart.ext)]</value>
		<value condition="!IsEmpty(Skin.String(weather.fanart.path)) + Skin.HasSetting(weather.fanart.multi)">$INFO[Skin.String(weather.fanart.path)]$INFO[Window(Weather).Property(Day0.fanartCode)]</value>
		<value condition="IsEmpty(Skin.String(weather.fanart.path))  + System.HasAddon(resource.images.weatherfanart.single)">resource://resource.images.weatherfanart.single/$INFO[Window(Weather).Property(Day0.fanartCode),,.jpg]</value>
		<value>special://skin/backgrounds/camera.jpg</value>
	</variable>
	<variable name="weather_fanart_day1">
		<value condition="!IsEmpty(Skin.String(weather.fanart.path)) + !IsEmpty(Skin.String(weather.fanart.ext)) + !Skin.HasSetting(weather.fanart.multi)">$INFO[Skin.String(weather.fanart.path)]$INFO[Window(Weather).Property(Day1.fanartCode)]$INFO[Skin.String(weather.fanart.ext)]</value>
		<value condition="!IsEmpty(Skin.String(weather.fanart.path)) + Skin.HasSetting(weather.fanart.multi)">$INFO[Skin.String(weather.fanart.path)]$INFO[Window(Weather).Property(Day1.fanartCode)]</value>
		<value condition="IsEmpty(Skin.String(weather.fanart.path))  + System.HasAddon(resource.images.weatherfanart.single)">resource://resource.images.weatherfanart.single/$INFO[Window(Weather).Property(Day1.fanartCode),,.jpg]</value>
		<value>special://skin/backgrounds/camera.jpg</value>
	</variable>
	<variable name="weather_fanart_day2">
		<value condition="!IsEmpty(Skin.String(weather.fanart.path)) + !IsEmpty(Skin.String(weather.fanart.ext)) + !Skin.HasSetting(weather.fanart.multi)">$INFO[Skin.String(weather.fanart.path)]$INFO[Window(Weather).Property(Day2.fanartCode)]$INFO[Skin.String(weather.fanart.ext)]</value>
		<value condition="!IsEmpty(Skin.String(weather.fanart.path)) + Skin.HasSetting(weather.fanart.multi)">$INFO[Skin.String(weather.fanart.path)]$INFO[Window(Weather).Property(Day2.fanartCode)]</value>
		<value condition="IsEmpty(Skin.String(weather.fanart.path))  + System.HasAddon(resource.images.weatherfanart.single)">resource://resource.images.weatherfanart.single/$INFO[Window(Weather).Property(Day2.fanartCode),,.jpg]</value>
		<value>special://skin/backgrounds/camera.jpg</value>
	</variable>
	<variable name="weather_fanart_day3">
		<value condition="!IsEmpty(Skin.String(weather.fanart.path)) + !IsEmpty(Skin.String(weather.fanart.ext)) + !Skin.HasSetting(weather.fanart.multi)">$INFO[Skin.String(weather.fanart.path)]$INFO[Window(Weather).Property(Day3.fanartCode)]$INFO[Skin.String(weather.fanart.ext)]</value>
		<value condition="!IsEmpty(Skin.String(weather.fanart.path)) + Skin.HasSetting(weather.fanart.multi)">$INFO[Skin.String(weather.fanart.path)]$INFO[Window(Weather).Property(Day3.fanartCode)]</value>
		<value condition="IsEmpty(Skin.String(weather.fanart.path))  + System.HasAddon(resource.images.weatherfanart.single)">resource://resource.images.weatherfanart.single/$INFO[Window(Weather).Property(Day3.fanartCode),,.jpg]</value>
		<value>special://skin/backgrounds/camera.jpg</value>
	</variable>
	<variable name="weather_fanart_day4">
		<value condition="!IsEmpty(Skin.String(weather.fanart.path)) + !IsEmpty(Skin.String(weather.fanart.ext)) + !Skin.HasSetting(weather.fanart.multi)">$INFO[Skin.String(weather.fanart.path)]$INFO[Window(Weather).Property(Day4.fanartCode)]$INFO[Skin.String(weather.fanart.ext)]</value>
		<value condition="!IsEmpty(Skin.String(weather.fanart.path)) + Skin.HasSetting(weather.fanart.multi)">$INFO[Skin.String(weather.fanart.path)]$INFO[Window(Weather).Property(Day4.fanartCode)]</value>
		<value condition="IsEmpty(Skin.String(weather.fanart.path))  + System.HasAddon(resource.images.weatherfanart.single)">resource://resource.images.weatherfanart.single/$INFO[Window(Weather).Property(Day4.fanartCode),,.jpg]</value>
		<value>special://skin/backgrounds/camera.jpg</value>
	</variable>
	<variable name="weather_fanart_day5">
		<value condition="!IsEmpty(Skin.String(weather.fanart.path)) + !IsEmpty(Skin.String(weather.fanart.ext)) + !Skin.HasSetting(weather.fanart.multi)">$INFO[Skin.String(weather.fanart.path)]$INFO[Window(Weather).Property(Day5.fanartCode)]$INFO[Skin.String(weather.fanart.ext)]</value>
		<value condition="!IsEmpty(Skin.String(weather.fanart.path)) + Skin.HasSetting(weather.fanart.multi)">$INFO[Skin.String(weather.fanart.path)]$INFO[Window(Weather).Property(Day5.fanartCode)]</value>
		<value condition="IsEmpty(Skin.String(weather.fanart.path))  + System.HasAddon(resource.images.weatherfanart.single)">resource://resource.images.weatherfanart.single/$INFO[Window(Weather).Property(Day5.fanartCode),,.jpg]</value>
		<value>special://skin/backgrounds/camera.jpg</value>
	</variable>
	<variable name="weather_fanart_day6">
		<value condition="!IsEmpty(Skin.String(weather.fanart.path)) + !IsEmpty(Skin.String(weather.fanart.ext)) + !Skin.HasSetting(weather.fanart.multi)">$INFO[Skin.String(weather.fanart.path)]$INFO[Window(Weather).Property(Day6.fanartCode)]$INFO[Skin.String(weather.fanart.ext)]</value>
		<value condition="!IsEmpty(Skin.String(weather.fanart.path)) + Skin.HasSetting(weather.fanart.multi)">$INFO[Skin.String(weather.fanart.path)]$INFO[Window(Weather).Property(Day6.fanartCode)]</value>
		<value condition="IsEmpty(Skin.String(weather.fanart.path))  + System.HasAddon(resource.images.weatherfanart.single)">resource://resource.images.weatherfanart.single/$INFO[Window(Weather).Property(Day6.fanartCode),,.jpg]</value>
		<value>special://skin/backgrounds/camera.jpg</value>
	</variable>
	<variable name="weather_icon_day0">
		<value condition="!IsEmpty(Skin.String(weather.icons.path)) + !IsEmpty(Skin.String(weather.icons.ext)) + !Skin.HasSetting(weather.icons.multi)">$INFO[Skin.String(weather.icons.path)]$INFO[Window(weather).Property(Day0.FanartCode)]$INFO[Skin.String(weather.icons.ext)]</value>
		<value condition="!IsEmpty(Skin.String(weather.icons.path)) + Skin.HasSetting(weather.icons.multi)">$INFO[Skin.String(weather.icons.path)]$INFO[Window(weather).Property(Day0.FanartCode)]</value>
		<value condition="IsEmpty(Skin.String(weather.icons.path))  + System.HasAddon(resource.images.weathericons.default)">resource://resource.images.weathericons.default/$INFO[Window(weather).Property(Day0.FanartCode),,.png]</value>
		<value>DefaultAddonWeather.png</value>
	</variable>
	<variable name="weather_icon_day1">
		<value condition="!IsEmpty(Skin.String(weather.icons.path)) + !IsEmpty(Skin.String(weather.icons.ext)) + !Skin.HasSetting(weather.icons.multi)">$INFO[Skin.String(weather.icons.path)]$INFO[Window(weather).Property(Day1.FanartCode)]$INFO[Skin.String(weather.icons.ext)]</value>
		<value condition="!IsEmpty(Skin.String(weather.icons.path)) + Skin.HasSetting(weather.icons.multi)">$INFO[Skin.String(weather.icons.path)]$INFO[Window(weather).Property(Day1.FanartCode)]</value>
		<value condition="IsEmpty(Skin.String(weather.icons.path))  + System.HasAddon(resource.images.weathericons.default)">resource://resource.images.weathericons.default/$INFO[Window(weather).Property(Day1.FanartCode),,.png]</value>
		<value>DefaultAddonWeather.png</value>
	</variable>
	<variable name="weather_icon_day2">
		<value condition="!IsEmpty(Skin.String(weather.icons.path)) + !IsEmpty(Skin.String(weather.icons.ext)) + !Skin.HasSetting(weather.icons.multi)">$INFO[Skin.String(weather.icons.path)]$INFO[Window(weather).Property(Day2.FanartCode)]$INFO[Skin.String(weather.icons.ext)]</value>
		<value condition="!IsEmpty(Skin.String(weather.icons.path)) + Skin.HasSetting(weather.icons.multi)">$INFO[Skin.String(weather.icons.path)]$INFO[Window(weather).Property(Day2.FanartCode)]</value>
		<value condition="IsEmpty(Skin.String(weather.icons.path))  + System.HasAddon(resource.images.weathericons.default)">resource://resource.images.weathericons.default/$INFO[Window(weather).Property(Day2.FanartCode),,.png]</value>
		<value>DefaultAddonWeather.png</value>
	</variable>
	<variable name="weather_icon_day3">
		<value condition="!IsEmpty(Skin.String(weather.icons.path)) + !IsEmpty(Skin.String(weather.icons.ext)) + !Skin.HasSetting(weather.icons.multi)">$INFO[Skin.String(weather.icons.path)]$INFO[Window(weather).Property(Day3.FanartCode)]$INFO[Skin.String(weather.icons.ext)]</value>
		<value condition="!IsEmpty(Skin.String(weather.icons.path)) + Skin.HasSetting(weather.icons.multi)">$INFO[Skin.String(weather.icons.path)]$INFO[Window(weather).Property(Day3.FanartCode)]</value>
		<value condition="IsEmpty(Skin.String(weather.icons.path))  + System.HasAddon(resource.images.weathericons.default)">resource://resource.images.weathericons.default/$INFO[Window(weather).Property(Day3.FanartCode),,.png]</value>
		<value>DefaultAddonWeather.png</value>
	</variable>
	<variable name="weather_icon_day4">
		<value condition="!IsEmpty(Skin.String(weather.icons.path)) + !IsEmpty(Skin.String(weather.icons.ext)) + !Skin.HasSetting(weather.icons.multi)">$INFO[Skin.String(weather.icons.path)]$INFO[Window(weather).Property(Day4.FanartCode)]$INFO[Skin.String(weather.icons.ext)]</value>
		<value condition="!IsEmpty(Skin.String(weather.icons.path)) + Skin.HasSetting(weather.icons.multi)">$INFO[Skin.String(weather.icons.path)]$INFO[Window(weather).Property(Day4.FanartCode)]</value>
		<value condition="IsEmpty(Skin.String(weather.icons.path))  + System.HasAddon(resource.images.weathericons.default)">resource://resource.images.weathericons.default/$INFO[Window(weather).Property(Day4.FanartCode),,.png]</value>
		<value>DefaultAddonWeather.png</value>
	</variable>
	<variable name="weather_icon_day5">
		<value condition="!IsEmpty(Skin.String(weather.icons.path)) + !IsEmpty(Skin.String(weather.icons.ext)) + !Skin.HasSetting(weather.icons.multi)">$INFO[Skin.String(weather.icons.path)]$INFO[Window(weather).Property(Day5.FanartCode)]$INFO[Skin.String(weather.icons.ext)]</value>
		<value condition="!IsEmpty(Skin.String(weather.icons.path)) + Skin.HasSetting(weather.icons.multi)">$INFO[Skin.String(weather.icons.path)]$INFO[Window(weather).Property(Day5.FanartCode)]</value>
		<value condition="IsEmpty(Skin.String(weather.icons.path))  + System.HasAddon(resource.images.weathericons.default)">resource://resource.images.weathericons.default/$INFO[Window(weather).Property(Day5.FanartCode),,.png]</value>
		<value>DefaultAddonWeather.png</value>
	</variable>
	<variable name="weather_icon_day6">
		<value condition="!IsEmpty(Skin.String(weather.icons.path)) + !IsEmpty(Skin.String(weather.icons.ext)) + !Skin.HasSetting(weather.icons.multi)">$INFO[Skin.String(weather.icons.path)]$INFO[Window(weather).Property(Day6.FanartCode)]$INFO[Skin.String(weather.icons.ext)]</value>
		<value condition="!IsEmpty(Skin.String(weather.icons.path)) + Skin.HasSetting(weather.icons.multi)">$INFO[Skin.String(weather.icons.path)]$INFO[Window(weather).Property(Day6.FanartCode)]</value>
		<value condition="IsEmpty(Skin.String(weather.icons.path))  + System.HasAddon(resource.images.weathericons.default)">resource://resource.images.weathericons.default/$INFO[Window(weather).Property(Day6.FanartCode),,.png]</value>
		<value>DefaultAddonWeather.png</value>
	</variable>

</includes>
