<?xml version="1.0" encoding="utf-8"?>
<window>
	<defaultcontrol always="true">5</defaultcontrol>
	<controls>
		<!--fake list used as container -->
		<!-- use Container(999).ListItem to get all info -->
		<!-- all normal listitem properties will be available -->
		<!-- include list/container with ID 998 for cast list -->
		<!-- include list/container with ID 997 for similar list -->
		<control type="list" id="999">
			<posx>630</posx>
			<posy>0</posy>
			<itemlayout />
			<focusedlayout />
		</control>
		<control type="image">
			<posx>0</posx>
			<posy>0</posy>
			<width>1920</width>
			<height>1080</height>
			<texture background="true">$INFO[Container(999).ListItem.Art(fanart)]</texture>
		</control>
		<include>fade_screen_grey</include>
		<control type="group">
			<posx>160</posx>
			<posy>80</posy>
			<animation type="WindowOpen" reversible="false">
				<effect type="zoom" start="80" end="100" center="960,540" easing="out" tween="back" time="300"/>
				<effect type="fade" start="0" end="100" time="300"/>
			</animation>
			<animation type="WindowClose" reversible="false">
				<effect type="zoom" start="100" end="80" center="960,540" easing="in" tween="back" time="300"/>
				<effect type="fade" start="100" end="0" time="300"/>
			</animation>
			<include name="big_dialog">
				<param name="width" value="1600" />
			</include>
			<control type="label">
				<description>heading label</description>
				<posx>0</posx>
				<posy>20</posy>
				<width>1600</width>
				<height>45</height>
				<align>center</align>
				<aligny>center</aligny>
				<font>font-30</font>
				<label>$INFO[Container(999).ListItem.Title]</label>
				<textcolor>white</textcolor>
			</control>
			<!-- Info line -->
			<control type="label">
				<left>0</left>
				<top>90</top>
				<width>1600</width>
				<height>52</height>
				<font>font-20</font>
				<align>center</align>
				<aligny>center</aligny>
				<scroll>false</scroll>
				<textcolor>grey_b</textcolor>
				<label>[B]$INFO[Container(999).Listitem.OriginalTitle][/B]</label>
				<visible>!StringCompare(Container(999).ListItem.OriginalTitle,Container(999).ListItem.Title) + !IsEmpty(Container(999).ListItem.OriginalTitle) + [!StringCompare(Container(999).ListItem.Property(type),episode) | IsEmpty(Container(999).ListItem.TVShowTitle)]</visible>
			</control>
			<control type="label">
				<left>0</left>
				<top>90</top>
				<width>1600</width>
				<height>52</height>
				<font>font-20</font>
				<align>center</align>
				<aligny>center</aligny>
				<scroll>false</scroll>
				<textcolor>grey_b</textcolor>
				<label>[B]$INFO[Container(999).Listitem.TVShowTitle][/B]</label>
				<visible>!IsEmpty(Container(999).ListItem.TVShowTitle) + StringCompare(Container(999).ListItem.Property(type),episode)</visible>
			</control>

			<!-- side bar -->
			<control type="image">
				<description>background image</description>
				<posx>0</posx>
				<posy>140</posy>
				<width>400</width>
				<height>740</height>
				<animation effect="slide" end="1200" time="0" condition="StringCompare(System.Language,Hebrew) | Skin.HasSetting(Prefer_RTL)">Conditional</animation>
				<texture background="true" flipy="true">dialogs/long_grey.png</texture>
			</control>
			<control type="image">
				<left>400</left>
				<top>140</top>
				<width>30</width>
				<height>740</height>
				<texture>shadow_vertical.png</texture>
				<visible>!StringCompare(System.Language,Hebrew) + !Skin.HasSetting(Prefer_RTL)</visible>
			</control>
			<control type="image">
				<left>1170</left>
				<top>140</top>
				<width>30</width>
				<height>740</height>
				<texture flipx="true">shadow_vertical.png</texture>
				<visible>StringCompare(System.Language,Hebrew) | Skin.HasSetting(Prefer_RTL)</visible>
			</control>

			<control type="grouplist">
				<posx>420</posx>
				<animation effect="slide" end="-400" time="0" condition="StringCompare(System.Language,Hebrew) | Skin.HasSetting(Prefer_RTL)">Conditional</animation>
				<posy>160</posy>
				<usecontrolcoords>true</usecontrolcoords>
				<width>1160</width>
				<height>300</height>
				<itemgap>28</itemgap>
				<orientation>vertical</orientation>
				<control type="group">
					<visible>!IsEmpty(Container(999).ListItem.Director)</visible>
					<include name="dialogvideoinfo_label" condition="StringCompare(System.Language,Hebrew) | Skin.HasSetting(Prefer_RTL)">
						<param name="posx1" value="1160" />
						<param name="width1" value="120" />
						<param name="label1" value="$LOCALIZE[20339]:" />
						<param name="posx2" value="1040" />
						<param name="width2" value="1040" />
						<param name="label2" value="$INFO[Container(999).ListItem.Director]" />
					</include>
					<include name="dialogvideoinfo_label" condition="!StringCompare(System.Language,Hebrew) + !Skin.HasSetting(Prefer_RTL)">
						<param name="posx1" value="0" />
						<param name="width1" value="120" />
						<param name="label1" value="$LOCALIZE[20339]:" />
						<param name="posx2" value="150" />
						<param name="width2" value="1010" />
						<param name="label2" value="$INFO[Container(999).ListItem.Director]" />
					</include>
				</control>
				<control type="group">
					<visible>!IsEmpty(Container(999).ListItem.Writer)</visible>
					<include name="dialogvideoinfo_label" condition="StringCompare(System.Language,Hebrew) | Skin.HasSetting(Prefer_RTL)">
						<param name="posx1" value="1160" />
						<param name="width1" value="120" />
						<param name="label1" value="$LOCALIZE[20417]:" />
						<param name="posx2" value="1040" />
						<param name="width2" value="1040" />
						<param name="label2" value="$INFO[Container(999).ListItem.Writer]" />
					</include>
					<include name="dialogvideoinfo_label" condition="!StringCompare(System.Language,Hebrew) + !Skin.HasSetting(Prefer_RTL)">
						<param name="posx1" value="0" />
						<param name="width1" value="120" />
						<param name="label1" value="$LOCALIZE[20417]:" />
						<param name="posx2" value="150" />
						<param name="width2" value="1300" />
						<param name="label2" value="$INFO[Container(999).ListItem.Writer]" />
					</include>
				</control>
				<control type="group">
					<visible>!IsEmpty(Container(999).ListItem.Studio)</visible>
					<include name="dialogvideoinfo_label" condition="StringCompare(System.Language,Hebrew) | Skin.HasSetting(Prefer_RTL)">
						<param name="posx1" value="1160" />
						<param name="width1" value="120" />
						<param name="label1" value="$LOCALIZE[572]:" />
						<param name="posx2" value="1040" />
						<param name="width2" value="1040" />
						<param name="label2" value="$INFO[Container(999).ListItem.Studio]" />
					</include>
					<include name="dialogvideoinfo_label" condition="!StringCompare(System.Language,Hebrew) + !Skin.HasSetting(Prefer_RTL)">
						<param name="posx1" value="0" />
						<param name="width1" value="120" />
						<param name="label1" value="$LOCALIZE[572]:" />
						<param name="posx2" value="150" />
						<param name="width2" value="1300" />
						<param name="label2" value="$INFO[Container(999).ListItem.Studio]" />
					</include>
				</control>
				<control type="group">
					<visible>!IsEmpty(Container(999).ListItem.Country)</visible>
					<include name="dialogvideoinfo_label" condition="StringCompare(System.Language,Hebrew) | Skin.HasSetting(Prefer_RTL)">
						<param name="posx1" value="1160" />
						<param name="width1" value="120" />
						<param name="label1" value="$LOCALIZE[574]:" />
						<param name="posx2" value="1040" />
						<param name="width2" value="1040" />
						<param name="label2" value="$INFO[Container(999).ListItem.Country]" />
					</include>
					<include name="dialogvideoinfo_label" condition="!StringCompare(System.Language,Hebrew) + !Skin.HasSetting(Prefer_RTL)">
						<param name="posx1" value="0" />
						<param name="width1" value="120" />
						<param name="label1" value="$LOCALIZE[574]:" />
						<param name="posx2" value="150" />
						<param name="width2" value="1290" />
						<param name="label2" value="$INFO[Container(999).ListItem.Country]" />
					</include>
				</control>

				<control type="group">
					<visible>!IsEmpty(Container(999).ListItem.RatingAndVotes)</visible>
					<include name="dialogvideoinfo_label" condition="StringCompare(System.Language,Hebrew) | Skin.HasSetting(Prefer_RTL)">
						<param name="posx1" value="1160" />
						<param name="width1" value="120" />
						<param name="label1" value="$LOCALIZE[563]:" />
						<param name="posx2" value="1040" />
						<param name="width2" value="1040" />
						<param name="label2" value="$INFO[Container(999).ListItem.RatingAndVotes]" />
					</include>
					<include name="dialogvideoinfo_label" condition="!StringCompare(System.Language,Hebrew) + !Skin.HasSetting(Prefer_RTL)">
						<param name="posx1" value="0" />
						<param name="width1" value="120" />
						<param name="label1" value="$LOCALIZE[563]:" />
						<param name="posx2" value="150" />
						<param name="width2" value="1290" />
						<param name="label2" value="$INFO[Container(999).ListItem.RatingAndVotes]" />
					</include>
				</control>
				<control type="group">
					<visible>!IsEmpty(Container(999).ListItem.UserRating)</visible>
					<include name="dialogvideoinfo_label" condition="StringCompare(System.Language,Hebrew) | Skin.HasSetting(Prefer_RTL)">
						<param name="posx1" value="1160" />
						<param name="width1" value="160" />
						<param name="label1" value="$LOCALIZE[38018]:" />
						<param name="posx2" value="1000" />
						<param name="width2" value="1000" />
						<param name="label2" value="$INFO[Container(999).ListItem.UserRating]" />
					</include>
					<include name="dialogvideoinfo_label" condition="!StringCompare(System.Language,Hebrew) + !Skin.HasSetting(Prefer_RTL)">
						<param name="posx1" value="0" />
						<param name="width1" value="140" />
						<param name="label1" value="$LOCALIZE[38018]:" />
						<param name="posx2" value="150" />
						<param name="width2" value="1290" />
						<param name="label2" value="$INFO[Container(999).ListItem.UserRating]" />
					</include>
				</control>
				<control type="group">
					<visible>!IsEmpty(Container(999).ListItem.PlayCount)</visible>
					<include name="dialogvideoinfo_label" condition="StringCompare(System.Language,Hebrew) | Skin.HasSetting(Prefer_RTL)">
						<param name="posx1" value="1160" />
						<param name="width1" value="260" />
						<param name="label1" value="$LOCALIZE[567]:" />
						<param name="posx2" value="900" />
						<param name="width2" value="900" />
						<param name="label2" value="$INFO[Container(999).ListItem.PlayCount]$INFO[Container(999).ListItem.LastPlayed, ($LOCALIZE[568]: ,)]" />
					</include>
					<include name="dialogvideoinfo_label" condition="!StringCompare(System.Language,Hebrew) + !Skin.HasSetting(Prefer_RTL)">
						<param name="posx1" value="0" />
						<param name="width1" value="260" />
						<param name="label1" value="$LOCALIZE[567]:" />
						<param name="posx2" value="160" />
						<param name="width2" value="1160" />
						<param name="label2" value="$INFO[Container(999).ListItem.PlayCount]$INFO[Container(999).ListItem.LastPlayed, ($LOCALIZE[568]: ,)]" />
					</include>
				</control>
				<control type="group">
					<visible>!IsEmpty(Container(999).ListItem.TagLine)</visible>
					<include name="dialogvideoinfo_label" condition="StringCompare(System.Language,Hebrew) | Skin.HasSetting(Prefer_RTL)">
						<param name="posx1" value="1160" />
						<param name="width1" value="120" />
						<param name="label1" value="$LOCALIZE[202]:" />
						<param name="posx2" value="1040" />
						<param name="width2" value="1040" />
						<param name="label2" value="$INFO[Container(999).ListItem.TagLine]" />
					</include>
					<include name="dialogvideoinfo_label" condition="!StringCompare(System.Language,Hebrew) + !Skin.HasSetting(Prefer_RTL)">
						<param name="posx1" value="0" />
						<param name="width1" value="260" />
						<param name="label1" value="$LOCALIZE[202]:" />
						<param name="posx2" value="150" />
						<param name="width2" value="1290" />
						<param name="label2" value="$INFO[Container(999).ListItem.TagLine]" />
					</include>
				</control>

				<control type="group">
					<visible>!IsEmpty(Container(999).ListItem.Premiered)</visible>
					<include name="dialogvideoinfo_label" condition="StringCompare(System.Language,Hebrew) | Skin.HasSetting(Prefer_RTL)">
						<param name="posx1" value="1160" />
						<param name="width1" value="260" />
						<param name="label1" value="$LOCALIZE[20416]:" />
						<param name="posx2" value="970" />
						<param name="width2" value="970" />
						<param name="label2" value="$INFO[Container(999).ListItem.Premiered]" />
					</include>
					<include name="dialogvideoinfo_label" condition="!StringCompare(System.Language,Hebrew) + !Skin.HasSetting(Prefer_RTL)">
						<param name="posx1" value="0" />
						<param name="width1" value="260" />
						<param name="label1" value="$LOCALIZE[20416]:" />
						<param name="posx2" value="150" />
						<param name="width2" value="1160" />
						<param name="label2" value="$INFO[Container(999).ListItem.Premiered]" />
					</include>
				</control>
				<control type="group">
					<visible>!IsEmpty(Container(999).ListItem.Date) + IsEmpty(Container(999).ListItem.Premiered)</visible>
					<include name="dialogvideoinfo_label" condition="StringCompare(System.Language,Hebrew) | Skin.HasSetting(Prefer_RTL)">
						<param name="posx1" value="1160" />
						<param name="width1" value="260" />
						<param name="label1" value="$LOCALIZE[552]:" />
						<param name="posx2" value="970" />
						<param name="width2" value="970" />
						<param name="label2" value="$INFO[Container(999).ListItem.Date]" />
					</include>
					<include name="dialogvideoinfo_label" condition="!StringCompare(System.Language,Hebrew) + !Skin.HasSetting(Prefer_RTL)">
						<param name="posx1" value="0" />
						<param name="width1" value="260" />
						<param name="label1" value="$LOCALIZE[552]:" />
						<param name="posx2" value="150" />
						<param name="width2" value="1160" />
						<param name="label2" value="$INFO[Container(999).ListItem.Date]" />
					</include>
				</control>
				<control type="group">
					<visible>!IsEmpty(Container(999).ListItem.NextDate)</visible>
					<include name="dialogvideoinfo_label" condition="StringCompare(System.Language,Hebrew) | Skin.HasSetting(Prefer_RTL)">
						<param name="posx1" value="1160" />
						<param name="width1" value="260" />
						<param name="label1" value="$LOCALIZE[15311]:" />
						<param name="posx2" value="970" />
						<param name="width2" value="970" />
						<param name="label2" value="$INFO[Container(999).ListItem.NextDate]" />
					</include>
					<include name="dialogvideoinfo_label" condition="!StringCompare(System.Language,Hebrew) + !Skin.HasSetting(Prefer_RTL)">
						<param name="posx1" value="1420" />
						<param name="width1" value="260" />
						<param name="label1" value="$LOCALIZE[15311]:" />
						<param name="posx2" value="1220" />
						<param name="width2" value="1160" />
						<param name="label2" value="$INFO[Container(999).ListItem.NextDate]" />
					</include>
				</control>
				<control type="group">
					<visible>!IsEmpty(Container(999).ListItem.Artist)</visible>
					<include name="dialogvideoinfo_label" condition="StringCompare(System.Language,Hebrew) | Skin.HasSetting(Prefer_RTL)">
						<param name="posx1" value="1160" />
						<param name="width1" value="120" />
						<param name="label1" value="$LOCALIZE[557]:" />
						<param name="posx2" value="1040" />
						<param name="width2" value="1040" />
						<param name="label2" value="$INFO[Container(999).ListItem.Artist]" />
					</include>
					<include name="dialogvideoinfo_label" condition="!StringCompare(System.Language,Hebrew) + !Skin.HasSetting(Prefer_RTL)">
						<param name="posx1" value="0" />
						<param name="width1" value="260" />
						<param name="label1" value="$LOCALIZE[557]:" />
						<param name="posx2" value="150" />
						<param name="width2" value="1290" />
						<param name="label2" value="$INFO[Container(999).ListItem.Artist]" />
					</include>
				</control>

				<control type="group">
					<visible>!IsEmpty(Container(999).ListItem.Album)</visible>	
					<include name="dialogvideoinfo_label" condition="StringCompare(System.Language,Hebrew) | Skin.HasSetting(Prefer_RTL)">
						<param name="posx1" value="1160" />
						<param name="width1" value="120" />
						<param name="label1" value="$LOCALIZE[558]:" />
						<param name="posx2" value="1040" />
						<param name="width2" value="1040" />
						<param name="label2" value="$INFO[Container(999).ListItem.Album]" />
					</include>
					<include name="dialogvideoinfo_label" condition="!StringCompare(System.Language,Hebrew) + !Skin.HasSetting(Prefer_RTL)">
						<param name="posx1" value="0" />
						<param name="width1" value="260" />
						<param name="label1" value="$LOCALIZE[558]:" />
						<param name="posx2" value="150" />
						<param name="width2" value="1290" />
						<param name="label2" value="$INFO[Container(999).ListItem.Album]" />
					</include>
				</control>
				<control type="group">
					<visible>!IsEmpty(Container(999).ListItem.FileNameAndPath)</visible>
					<control type="label">
						<posx>0</posx>
						<posy>20</posy>
						<height>80</height>
						<width>1180</width>
						<textcolor>grey_a</textcolor>
						<!-- <include>align_tag</include> -->
						<scroll>true</scroll>
						<wrapmultiline>false</wrapmultiline>
						<label>$INFO[ListItem.FileNameAndPath]</label>
						<font>font-15</font>
					</control>
				</control>
			</control>

			<!-- seperator -->
			<control type="image">
				<left>420</left>
				<top>440</top>
				<width>1160</width>
				<height>1</height>
				<texture colordiffuse="$VAR[main_color]">white.png</texture>
				<animation effect="slide" end="-400" time="0" condition="StringCompare(System.Language,Hebrew) | Skin.HasSetting(Prefer_RTL)">Conditional</animation>
			</control>

			<control type="textbox" id="59">
				<description>Plot Value for Movies</description>
				<posx>430</posx>
				<posy>440</posy>
				<width>1150</width>
				<height>420</height>
				<font>font-22</font>
				<include>align_tag</include>
				<textcolor>grey_b</textcolor>
				<label fallback="19055">$INFO[Container(999).ListItem.Plot]</label>
				<pagecontrol>61</pagecontrol>
				<autoscroll time="3000" delay="45000" repeat="15000">!Control.HasFocus(61) + Skin.HasSetting(AutoScroll)</autoscroll>
				<animation effect="slide" end="-405" time="0" condition="StringCompare(System.Language,Hebrew) | Skin.HasSetting(Prefer_RTL)">Conditional</animation>
				<visible>!ControlGroup(9000).HasFocus(194)</visible>
			</control>
			<control type="scrollbar" id="61">
				<description>scroll for plot button</description>
				<posx>410</posx>
				<posy>443</posy>
				<width>10</width>
				<height>420</height>
				<include>scroll_bar</include>
				<onleft>9000</onleft>
				<onright>9000</onright>
				<ondown>998</ondown>
				<onup>998</onup>
				<showonepage>false</showonepage>
				<animation effect="slide" end="-400" time="0" condition="StringCompare(System.Language,Hebrew) | Skin.HasSetting(Prefer_RTL)">Conditional</animation>
				<visible>!ControlGroup(9000).HasFocus(194)</visible>
			</control> 

			<control type="list" id="998">
				<animation effect="fade" start="100" end="90" time="0" condition="!Control.HasFocus(998)">Conditional</animation>
				<animation effect="slide" end="-400" time="0" condition="StringCompare(System.Language,Hebrew) | Skin.HasSetting(Prefer_RTL)">Conditional</animation>
				<posx>420</posx>
				<posy>450</posy>
				<width>1170</width>
				<height>400</height>
				<onleft>998</onleft>
				<onright>998</onright>
				<onup>61</onup>
				<ondown>9000</ondown>
				<viewtype label="">list</viewtype>
				<scrolltime>200</scrolltime>
				<orientation>horizontal</orientation>
				<visible>ControlGroup(9000).HasFocus(194)</visible>
				<itemlayout width="280">
					<control type="image">
						<posx>5</posx>
						<posy>17</posy>
						<width>auto</width>
						<height>380</height>
						<aspectratio>keep</aspectratio>
						<texture background="true">$INFO[ListItem.Icon]</texture>
						<bordertexture colordiffuse="grey_a">white.png</bordertexture>
						<bordersize>3</bordersize>
						<animation effect="fade" start="0" end="90" time="200" condition="true">Conditional</animation>
					</control>
					<control type="image">
						<posx>18</posx>
						<posy>355</posy>
						<width>249</width>
						<height>40</height>
						<texture background="true">main/widget_title.png</texture>
					</control>	
					<control type="label">
						<posx>20</posx>
						<posy>352</posy>
						<description>Actor Name No-Focus</description>
						<height>40</height>
						<width>245</width>
						<textcolor>grey_a</textcolor>
						<align>center</align>
						<label>$INFO[ListItem.Label] $INFO[ListItem.Label2,(,)]</label>
						<font>font-20</font>
					</control>
				</itemlayout>
				<focusedlayout width="280">
					<control type="image">
						<posx>5</posx>
						<posy>17</posy>
						<width>auto</width>
						<height>380</height>
						<aspectratio>keep</aspectratio>
						<texture background="true">$INFO[ListItem.Icon]</texture>
						<bordertexture colordiffuse="$VAR[main_color]">white.png</bordertexture>
						<bordersize>3</bordersize>
					</control>
					<control type="image">
						<posx>18</posx>
						<posy>355</posy>
						<width>249</width>
						<height>40</height>
						<texture background="true">main/widget_title.png</texture>
					</control>	
					<control type="label">
						<posx>20</posx>
						<posy>352</posy>
						<description>Actor Name Focus</description>
						<height>40</height>
						<width>245</width>
						<textcolor>$VAR[main_color]</textcolor>
						<align>center</align>
						<scroll>true</scroll>
						<scrollspeed>50</scrollspeed>
						<label>$INFO[ListItem.Label] $INFO[ListItem.Label2,(,)]</label>
						<font>font-20</font>
					</control>
				</focusedlayout>
			</control>

			<!--Button Group-->
			<control type="grouplist" id="9000">		
				<posx>5</posx>
				<posy>890</posy>
				<align>left</align>
				<width>1590</width>
				<height>300</height>
				<itemgap>0</itemgap>
				<orientation>Horizontal</orientation>
				<onup>998</onup>
				<ondown>998</ondown>
				<onleft>9000</onleft>
				<onright>9000</onright>
				<control type="button" id="5">
					<!--Play-->
					<width>290</width>
					<label>208</label>
					<include>button_dialogs</include>
				</control>
				<control type="button" id="6">
					<!--Trailer-->
					<width>280</width>
					<label>20410</label>
					<onclick>PlayMedia($ESCINFO[Container(999).ListItem.Trailer])</onclick>
					<include>button_dialogs</include>
				</control>
				<control type="button" id="194">
					<description>Actors</description>
					<width>190</width>
					<height>55</height>
					<label>344</label>
					<include>button_dialogs</include>
				</control>
				<control type="button" id="195"> 
					<description>ExtendedInfo for Movies </description>
					<width>270</width>
					<height>55</height>
					<label>31064</label>
					<include>button_dialogs</include>
					<onclick>RunScript(script.extendedinfo,info=extendedinfo,dbid=$INFO[Container(999).ListItem.Property(DBID)],name=$INFO[Container(999).ListItem.Title])</onclick>
					<onclick>Dialog.Close(all,true)</onclick>
					<visible>!IsEmpty(Container(999).ListItem.Property(DBID)) + StringCompare(Container(999).ListItem.Property(type),movie) + IsEmpty(Container(999).ListItem.Season) + IsEmpty(Container(999).ListItem.TVShowTitle) + !StringCompare(Container(999).ListItem.Property(type),episode)</visible>
					<visible>System.HasAddon(script.extendedinfo)</visible>
				</control>
				<control type="button" id="196"> 
					<description>ExtendedInfo for TVShows </description>
					<width>290</width>
					<height>55</height>
					<label>31093</label>
					<include>button_dialogs</include>
					<onclick>RunScript(script.extendedinfo,info=extendedtvinfo,dbid=$INFO[Container(999).ListItem.Property(DBID)],name=$INFO[Container(999).ListItem.TVShowTitle])</onclick>
					<onclick>Dialog.Close(all,true)</onclick>
					<visible>!IsEmpty(Container(999).ListItem.Property(DBID)) + [StringCompare(Container(999).ListItem.Property(type),tvshow) | !IsEmpty(Container(999).ListItem.TVShowTitle)]</visible>
					<visible>System.HasAddon(script.extendedinfo)</visible>
				</control>
			</control>

			<!-- Poster and disc -->
			<control type="group">
				<posx>10</posx>
				<animation effect="slide" end="1200" time="0" condition="StringCompare(System.Language,Hebrew) | Skin.HasSetting(Prefer_RTL)">Conditional</animation>
				<posy>100</posy>
				<control type="image">
					<posx>10</posx>
					<posy>40</posy>
					<width>360</width>
					<height>360</height>
					<aspectratio>keep</aspectratio>
					<texture background="true">$INFO[Container(999).ListItem.Art(discart)]</texture>
					<visible>!Container(999).ListItem.IsFolder + !IsEmpty(Container(999).ListItem.Art(discart)) + !stringcompare(Container(999).ListItem.Label,..) + !Skin.HasSetting(Disable_CDART)</visible>
					<animation type="WindowOpen" reversible="false" condition="!IsEmpty(ListItem.Art(discart))">
						<effect type="slide" start="0,200" end="0,0" delay="300" time="400"/>
						<effect type="rotate" center="auto" start="0" end="-10800" time="500000" pulse="true" delay="400"/>
					</animation> 
				</control>
				<control type="group">
					<posx>10</posx>
					<posy>40</posy>
					<width>360</width>
					<height>360</height>
					<aspectratio>keep</aspectratio>
					<visible>!Skin.HasSetting(fanart_Disable_FAKECDART) + !IsEmpty(Container(999).ListItem.Art(poster))</visible>
					<animation effect="fade" end="0" time="0" condition="Skin.HasSetting(fanart_Disable_TVFAKECDART)">Conditional</animation>
					<control type="image">	
						<texture background="true" diffuse="thumbs/sets/cdart-mask.png">$INFO[Container(999).ListItem.Art(poster)]</texture>
						<visible>IsEmpty(Container(999).ListItem.Art(discart)) + !stringcompare(Container(999).ListItem.Label,..)</visible>
						<!-- <animation type="WindowOpen" reversible="true" condition="IsEmpty(Container(999).ListItem.Art(discart))">
							<effect type="slide" start="0,200" end="0,0" delay="300" time="400"/>
							<effect type="rotate" center="auto" start="0" end="-10800" time="500000" pulse="true" delay="400"/>
						</animation>  -->
					</control>
					<control type="image">
						<texture background="true">thumbs/sets/cdarttop.png</texture>
						<visible>IsEmpty(Container(999).ListItem.Art(discart)) + !stringcompare(Container(999).ListItem.Label,..)</visible>
						<!-- <animation type="WindowOpen" reversible="true" condition="IsEmpty(Container(999).ListItem.Art(discart))">
							<effect type="slide" start="0,200" end="0,0" delay="300" time="400"/>
							<effect type="rotate" center="auto" start="0" end="-10800" time="500000" pulse="true" delay="400"/>
						</animation>  -->
					</control>
				</control>
				<control type="image">
					<description>Poster</description>
					<posx>0</posx>
					<posy>200</posy>
					<width>380</width>
					<height>570</height>
					<aspectratio>stretch</aspectratio>
					<texture diffuse="posterdiffuse.png" background="true">$VAR[HelperPosterThumb]</texture>
					<fadetime>300</fadetime>
					<visible>!StringCompare(Container(999).ListItem.Label,..) + !StringCompare(Container(999).ListItem.Property(type),episode)</visible> 
				</control>
				<control type="image">
					<description>Thumb For Episodes</description>
					<posx>0</posx>
					<posy>262</posy>
					<width>380</width>
					<height>250</height>
					<texture background="true">$VAR[HelperPosterThumb]</texture>
					<bordertexture colordiffuse="grey_a">white.png</bordertexture>
					<bordersize>1,1,1,1</bordersize>
					<fadetime>300</fadetime>
					<visible>!StringCompare(Container(999).ListItem.Label,..) + StringCompare(Container(999).ListItem.Property(type),episode)</visible>
				</control>
			</control>

		</control>
	</controls>
</window>