<?xml version="1.0" encoding="UTF-8"?>
<window>
	<defaultcontrol always="true">22</defaultcontrol>

	<controls>
		<include>fade_screen_grey</include>
		<control type="group">
			<posx>460</posx>
			<posy>80</posy>
			<include>dialog_zoom_animation</include>
			<include name="big_dialog">
				<param name="info_posy" value="2000" />
				<param name="content_posy" value="80" />
				<param name="width" value="1000"/>
				<param name="content_height" value="880" />
			</include>
			<control type="label" id="2">
				<description>heading label</description>
				<posx>0</posx>
				<posy>20</posy>
				<width>1000</width>
				<height>45</height>
				<align>center</align>
				<aligny>center</aligny>
				<font>font-30</font>
				<label>21432</label>
				<textcolor>white</textcolor>
			</control>
			<control type="spincontrolex" id="22">
				<description>Set Playlist type</description>
				<posx>15</posx>
				<posy>90</posy>
				<height>50</height>
				<include>button_spin_playlist</include>
				<reverse>yes</reverse>
				<onright>22</onright>
				<onleft>22</onleft>
				<onup>20</onup>
				<ondown>12</ondown>
			</control>

			<control type="textbox">
				<description>Name Label</description>
				<posx>15</posx>
				<posy>165</posy>
				<width>970</width>
				<height>45</height>
				<font>font-20</font>
				<include>align_tag</include>
				<label>[B]$LOCALIZE[21433] :[/B]</label>
				<textcolor>white</textcolor>
			</control>
			<control type="edit" id="12">
				<description>Name Entry</description>
				<posx>15</posx>
				<posy>215</posy>
				<width>970</width>
				<height>45</height>
				<textwidth>970</textwidth>
				<font>font-20</font>
				<aligny>center</aligny>
				<focusedcolor>white</focusedcolor>
				<textcolor>white</textcolor>
				<texturefocus colordiffuse="$VAR[main_color]">white.png</texturefocus>
				<texturenofocus colordiffuse="darkgrey">white.png</texturenofocus>
				<label>-</label>
				<onup>22</onup>
				<onleft>12</onleft>
				<onright>12</onright>
				<ondown>10</ondown>
			</control>
			<control type="textbox">
				<description>rules label</description>
				<posx>15</posx>
				<posy>265</posy>
				<width>970</width>
				<height>45</height>
				<include>align_tag</include>
				<font>font-20</font>
				<label>[UPPERCASE][B]$LOCALIZE[21434] :[/B][/UPPERCASE]</label>
				<textcolor>white</textcolor>
			</control>
			<control type="list" id="10">
				<description>Rules List Control</description>
				<posx>15</posx>
				<posy>315</posy>
				<width>970</width>
				<height>129</height>
				<onup>12</onup>
				<ondown>13</ondown>
				<onleft>14</onleft>
				<onright>60</onright>
				<pagecontrol>60</pagecontrol>
				<itemlayout width="970" height="44">
					<control type="label">
						<posx>15</posx>
						<posy>0</posy>
						<width>940</width>
						<height>45</height>
						<font>font-20</font>
						<align>right</align>
						<aligny>center</aligny>
						<selectedcolor>$VAR[main_color]</selectedcolor>
						<label>$INFO[ListItem.Label]</label>
					</control>
				</itemlayout>
				<focusedlayout width="970" height="44">
					<control type="image">
						<posx>0</posx>
						<posy>0</posy>
						<width>970</width>
						<height>45</height>
						<texture colordiffuse="$VAR[main_color]">white.png</texture>
					</control>
					<control type="image">
						<posx>0</posx>
						<posy>0</posy>
						<width>970</width>
						<height>45</height>
						<texture colordiffuse="grey_a">white.png</texture>
						<visible>!Control.HasFocus(10)</visible>
					</control>
					<control type="label">
						<posx>15</posx>
						<posy>0</posy>
						<width>940</width>
						<height>45</height>
						<font>font-20</font>
						<align>right</align>
						<aligny>center</aligny>
						<textcolor>white</textcolor>
						<selectedcolor>white</selectedcolor>
						<label>$INFO[ListItem.Label]</label>
					</control>
				</focusedlayout>
			</control>

			<control type="scrollbar" id="60">
				<posx>987</posx>
				<posy>318</posy>
				<width>10</width>
				<height>115</height>
				<include>scroll_bar</include>
				<onleft>10</onleft>
				<onright>15</onright>
				<showonepage>false</showonepage>
				<orientation>vertical</orientation>
			</control>
			<!-- Button grouplist add\remove\edit -->
			<control type="grouplist" id="9000">
				<animation effect="fade" start="100" end="0" time="0" condition="Window.IsVisible(SmartPlaylistRule)">Conditional</animation>
				<posx>15</posx>
				<posy>490</posy>
				<width>1000</width>
				<height>55</height>
				<itemgap>0</itemgap>
				<onleft>noop</onleft>
				<onright>noop</onright>
				<onup>10</onup>
				<ondown>9002</ondown>
				<orientation>horizontal</orientation>
				<!-- Add Rule Button< -->
				<control type="button" id="13">
					<width>324</width>
					<label>15019</label>
				</control>
				<!-- Remove Rule Button -->
				<control type="button" id="14">
					<width>324</width>
					<label>1210</label>
				</control>
				<!-- Edit Rule Button -->
				<control type="button" id="15">
					<width>324</width>
					<label>21435</label>
				</control>
			</control>

			<!-- <control type="image">
				<posx>15</posx>
				<posy>710</posy>
				<width>970</width>
				<height>50</height>
				<texture colordiffuse="darkgrey">white.png</texture>
				<visible>!Control.HasFocus(19)</visible>
				<animation effect="fade" start="100" end="0" time="0" condition="Window.IsVisible(SmartPlaylistRule)">Conditional</animation>
			</control>
			<control type="image">
				<posx>15</posx>
				<posy>710</posy>
				<width>970</width>
				<height>50</height>
				<texture colordiffuse="grey_a">white.png</texture>
				<visible>Control.HasFocus(19)</visible>
			</control> -->
			<control type="grouplist" id="9002">
				<animation effect="fade" start="100" end="0" time="0" condition="Window.IsVisible(SmartPlaylistRule)">Conditional</animation>
				<posx>15</posx>
				<posy>560</posy>
				<width>970</width>
				<height>600</height>
				<itemgap>0</itemgap>
				<onleft>noop</onleft>
				<onright>noop</onright>
				<onup>9000</onup>
				<ondown>9001</ondown>
				<orientation>vertical</orientation>
				<usecontrolcoords>true</usecontrolcoords>
				<control type="spincontrolex" id="16">
					<posx>0</posx>
					<posy>0</posy>
					<label>21424</label>
					<include>button_spin_playlist</include>
				</control>
				<control type="spincontrolex" id="17">
					<posx>0</posx>
					<posy>0</posy>
					<label>21427</label>
					<include>button_spin_playlist</include>
				</control>
				<control type="spincontrolex" id="18">
					<posx>0</posx>
					<posy>0</posy>
					<label>21429</label>
					<include>button_spin_playlist</include>
				</control>

				<control type="togglebutton" id="19">
					<posx>873</posx>
					<posy>0</posy>
					<width>70</width>
					<height>50</height>
					<textoffsetx>-145</textoffsetx>
					<font>font-22</font>
					<align>left</align>
					<aligny>center</aligny>
					<label>21430</label>
					<altlabel>21431</altlabel>
					<texturenofocus>-</texturenofocus>
					<ondown>23</ondown>
				</control>
				<control type="spincontrolex" id="23">
					<posx>0</posx>
					<posy>0</posy>
					<label>21458</label>
					<include>button_spin_playlist</include>
				</control>
				<control type="radiobutton" id="24">
					<posx>0</posx>
					<posy>0</posy>
					<width>970</width>
					<height>45</height>
					<label>21459</label>
			<focusedcolor>white</focusedcolor>
			<textcolor>white</textcolor>
			<texturefocus colordiffuse="$VAR[main_color]">white.png</texturefocus>
			<texturenofocus>-</texturenofocus>
			<disabledcolor>grey_a</disabledcolor>
					<height>50</height>
					<font>font-22</font>
					<textoffsetx>30</textoffsetx>
					<textwidth>900</textwidth>
				</control>
			</control>

			<!-- Button grouplist -->
			<control type="grouplist" id="9001">
				<animation effect="fade" start="100" end="0" time="0" condition="Window.IsVisible(SmartPlaylistRule)">Conditional</animation>
				<posx>0</posx>
				<posy>890</posy>
				<align>left</align>
				<width>900</width>
				<height>65</height>
				<itemgap>10</itemgap>
				<orientation>horizontal</orientation>
				<onleft>noop</onleft>
				<onright>noop</onright>
				<onup>9002</onup>
				<ondown>22</ondown>
				<orientation>horizontal</orientation>
				<!-- OK Button -->
				<control type="button" id="20">
					<width>220</width>
					<label>186</label>
					<include>button_dialogs</include>
				</control>
				<!-- Cancel Button -->
				<control type="button" id="21">
					<width>220</width>
					<label>222</label>
					<include>button_dialogs</include>
				</control>
			</control>
		</control>
	</controls>
</window>
