<?xml version="1.0" encoding="UTF-8" standalone="yes" ?>
<addon id="plugin.video.SportsDevil" name="[COLOR lime][B]SportsDevil[/B][/COLOR]" version="2017.5.23" provider-name="THIETKEWEB30S">
    <requires>
        <import addon="xbmc.python" version="2.1.0"/>
    </requires>
    <extension point="xbmc.python.pluginsource" library="default.py">
    </extension>
    <extension point="xbmc.service" library="service/proxy_service.py" start="startup" />
    <extension point="xbmc.addon.metadata">
        <summary>thietkeweb30s.org</summary>
		<description lang="en"></description>
		<platform>all</platform>
		<language>en</language>
		<license>GNU General Public License - v2</license>
	
    </extension>
</addon>