﻿<addon id="repository.thietkeweb30s.org" name="[COLOR red][B]THIET[/B][/COLOR][COLOR blue][B]KE[/B][/COLOR][COLOR yellow][B]WEB[/B][/COLOR][COLOR lime][B]30S[/B][/COLOR].[COLOR orange][B]ORG[/B][/COLOR][B] Repository[/B]" version="3.1.4" provider-name="Thietkeweb30s.org'">
<extension point="xbmc.addon.repository" name="Thietkeweb30s.org's Addon Repository">
<dir>
<info compressed="true">https://raw.githubusercontent.com/quangthylove/thietkeweb30s.org/master/addons.xml</info>
<checksum>https://raw.githubusercontent.com/quangthylove/thietkeweb30s.org/master/addons.xml.md5</checksum>
<datadir zip="true">https://raw.githubusercontent.com/quangthylove/thietkeweb30s.org/master/</datadir>
</dir>
<dir>
<info compressed="true">https://raw.github.com/hieuhienvn/hieuhien.vn/master/addons.xml</info>
<checksum>https://raw.github.com/hieuhienvn/hieuhien.vn/master/addons.xml.md5</checksum>
<datadir zip="true">https://raw.github.com/hieuhienvn/hieuhien.vn/master/zips/</datadir>
</dir>
<dir>
<info compressed="true">https://raw.githubusercontent.com/tvaddonsco/tva-resolvers-repo/master/addons.xml</info>
<checksum>https://raw.githubusercontent.com/tvaddonsco/tva-resolvers-repo/master/addons.xml.md5</checksum>
<datadir zip="true">https://raw.githubusercontent.com/tvaddonsco/tva-resolvers-repo/master/zips/</datadir>
</dir>
<dir>
<info compressed="true">https://raw.githubusercontent.com/tvaddonsco/tva-release-repo/master/addons.xml</info>
<checksum>https://raw.githubusercontent.com/tvaddonsco/tva-release-repo/master/addons.xml.md5</checksum>
<datadir zip="true">https://raw.githubusercontent.com/tvaddonsco/tva-release-repo/master/</datadir>
</dir>
<dir><info compressed="true">http://thong.viettv24.com/kodi4vn/addons.xml</info>
<checksum>http://thong.viettv24.com/kodi4vn/addons.xml.md5</checksum>
<datadir zip="true">http://thong.viettv24.com/kodi4vn/</datadir>
</dir>
<dir>
<info compressed="true">https://raw.githubusercontent.com/thaitni/xbmc.repo.xshare/master/addons.xml</info>
<checksum>https://raw.githubusercontent.com/thaitni/xbmc.repo.xshare/master/addons.xml.md5</checksum>
<datadir zip="true">https://raw.githubusercontent.com/thaitni/xbmc.repo.xshare/master/</datadir>
</dir>
<dir>
<info compressed="false">https://raw.githubusercontent.com/marcelveldt/repository.marcelveldt/master/addons.xml</info>
<checksum>https://raw.githubusercontent.com/marcelveldt/repository.marcelveldt/master/addons.xml.md5</checksum>
<datadir zip="true">https://raw.githubusercontent.com/marcelveldt/repository.marcelveldt/master/</datadir>
</dir>
<dir>
<info compressed="true">https://raw.githubusercontent.com/tremocoivo/repo.kongnghe.net/master/addons.xml</info>
<checksum>https://raw.githubusercontent.com/tremocoivo/repo.kongnghe.net/master/addons.xml.md5</checksum>
<datadir zip="true">https://github.com/tremocoivo/repo.kongnghe.net/raw/master/zips/</datadir>
</dir>
<dir>
<info>https://raw.githubusercontent.com/cguZZman/repository.plugins/master/addons-info.xml</info>
<checksum>https://raw.githubusercontent.com/cguZZman/repository.plugins/master/addons-info.xml.md5</checksum>
<datadir zip="true">https://raw.githubusercontent.com/cguZZman/repository.plugins/master/</datadir>
</dir>
<dir>
<info compressed="false">https://raw.github.com/ddurdle/repository.ddurdle/master/addons.xml</info>
<checksum>https://raw.github.com/ddurdle/repository.ddurdle/master/addons.xml.md5</checksum>
<datadir zip="true">http://dmdsoftware.net/repository.ddurdle/</datadir>
</dir>
<dir>
<info compressed="false">https://github.com/taifxx/xxtrep/raw/master/addons.xml</info>
<checksum>https://github.com/taifxx/xxtrep/raw/master/addons.xml.md5</checksum>
<datadir zip="true">https://github.com/taifxx/xxtrep/raw/master/</datadir>
</dir>
<dir>
<info compressed="true">http://repo.kodi.vn/00-VMFrepo/addons.xml</info>
<checksum>http://repo.kodi.vn/00-VMFrepo/addons.xml.md5</checksum>
<datadir zip="true">http://repo.kodi.vn/00-VMFrepo/</datadir>
</dir>
</extension>
<extension point="xbmc.addon.metadata">
		<summary lang="en">Install addon from Thietkeweb30s's repository</summary>
		<description lang="en">[COLOR red][B]thietkeweb30s.org[/COLOR]-[COLOR lime]Repository tập hợp các addon và repository giải trí online trên XBMC - Kodi[/B][/COLOR]</description>
		<disclaimer lang="en">Mọi nội dung được lấy từ Internet vì vậy chúng tôi không chịu trách nhiệm về chất lượng cũng như sự ổn định</disclaimer>
		<email>honhakhanhquynh@gmail.com</email>
		<platform>all</platform>
	</extension>
</addon>