<?xml version="1.0" encoding="UTF-8" standalone="yes"?>
<addon id="plugin.audio.thietkeweb30s.org.chiasenhac"
       version="1.8.3"
       name="MUSIC CHIA SE NHAC"
       provider-name="MUSIC CHIA SE NHAC">
  <requires>
    <import addon="xbmc.python" version="2.1.0" optional="true" />
	<import addon="script.module.simple.downloader" version="1.9.4" />
	<import addon="script.module.t0mm0.common" version="1.1.0"/>
  </requires>
  <extension point="xbmc.python.pluginsource" library="default.py">
        <provides>audio</provides>
  </extension>
  <extension point="xbmc.addon.metadata">
    <summary>thietkeweb30s.org</summary>
    <description>Add-on play MUSIC CHIA SE NHAC online</description>
    <platform>all</platform>
  </extension>
</addon>