<?xml version="1.0" encoding="UTF-8" standalone="yes"?>

<addon id="plugin.video.thietkeweb30g.org.webgiaitri" version="1.1.9" name="Web Giai Tri online" provider-name="thietkeweb30s.org">	
	<requires>					
		<import addon="xbmc.python" version="2.1.0" />				
		<import addon="script.module.parsedom" version="0.9.1"/>				
		<import addon="plugin.video.youtube" version="5.1.8"/>	
		<import addon="script.module.requests" version="2.7.0" />				
		<import addon="script.module.beautifulsoup4" version="4.3.1"/> 
		<import addon="script.module.html5lib" version="0.999.0"/> 
		
	</requires>	
	<extension point="xbmc.python.pluginsource" library="addon.py">				
		<provides>video</provides>		
	</extension>	
	<extension point="xbmc.addon.metadata">			
		<summary>Web Giai Tri</summary>					
		<description>See videos and photos from some Vietnamese site: gioitre.net, talktv.vn </description>		
		<platform>all</platform>	
		<language>vi</language>
		<license>GNU GENERAL PUBLIC LICENSE. Version 2, June 1991</license>
		<forum></forum>
		<website>https://thietkeweb30s.org</website>
		<source>hhttps://thietkeweb30s.org</source>
		<disclaimer></disclaimer>
		<email></email>
		<broken></broken>
	</extension>
</addon>