﻿<?xml version="1.0" encoding="UTF-8" standalone="yes" ?>
<addon id="plugin.video.thietkeweb30s.org.dangcap" name="DANGCAPHD MOVIES" version="0.0.6" provider-name="ĐẲNG CẤP DIGITAL; thaitni">
    <requires>
        <import addon="xbmc.python" version="2.1.0" optional="true" />
    </requires>
    <extension point="xbmc.python.module" library="default.py" />
    <extension point="xbmc.addon.metadata">
        <summary>DANG CAP DIGITAL ENTERTAINMENT</summary>
		<description lang="en">Giải Trí Đẳng Cấp</description>
		<platform>all</platform>
		<language>en</language>
		<license>GNU General Public License - v2</license>
		<source>https://dangcaphd.com</source>
		<email>hotrodangcaphd@gmail.com</email>
    </extension>
</addon>