<?xml version="1.0" encoding="UTF-8" standalone="yes"?>
	<addon id="plugin.video.v137.vkool" version="999999.5.3" name="VKool" provider-name="V137">
		<requires>
			<import addon="xbmc.python" version="2.1.0" />
			<import addon="script.module.v137" />
		</requires>
		<extension point="xbmc.python.module" library="default.py" />
		<extension point="xbmc.addon.metadata">
			<summary>VKool.net (Vietnamese)</summary>
			<description>VKool.net (Vietnamese)</description>
			<platform>all</platform>
		</extension>
	</addon>