﻿<?xml version="1.0" encoding="UTF-8" standalone="yes"?>
<addon
  id="service.kodi4vn.maintenance"
  version="0.9"
  name="**[COLOR yellow]Bảo trì Thietkeweb30s.org Launcher[/COLOR]"
  provider-name="thietkeweb30s.org">
  <requires>
    <import addon="xbmc.python" version="2.1.0"/>
  </requires>
  <extension point="xbmc.service" library="startup.py" start="startup"/>
  <extension point="xbmc.addon.metadata">
    <summary>Thietkeweb30s.org</summary>
    <description>Watch hundreds of Vietnamesse and English channels from Thietkeweb30s.org</description>
    <platform>all</platform>
  </extension>
</addon>