﻿<?xml version="1.0" encoding="UTF-8" standalone="yes"?>
<addon id="repository.thietkeweb30s.org"
		name="[COLOR red][B]THIET[/B][/COLOR][COLOR blue][B]KE[/B][/COLOR][COLOR yellow][B]WEB[/B][/COLOR][COLOR lime][B]30S[/B][/COLOR].[COLOR orange][B]ORG[/B][/COLOR]"
		version="3.1.5"
		provider-name="Thietkeweb30s.org">
		<requires>
	<import addon="xbmc.addon" version="12.0.0"/>
		<import addon="plugin.video.thietkeweb30s.org.movie" version="2.6.0" />
		<import addon="plugin.video.kodi4vn.launcher" version="5.3.9" />
		<import addon="plugin.video.thietkeweb30s.org.moviesplay" version="2.7.5" />
		<import addon="plugin.video.vietmediaF" version="6.1.7" />
		<import addon="plugin.video.phimhaynhat" version="3.5.6.0" />
		<import addon="plugin.video.4vn.fptplay" version="1.7.0" />
		<import addon="plugin.video.thietkeweb30s.org.fshare" version="1.1.4" />
		<import addon="plugin.video.thietkeweb30s.org.zingtv" version="1.0.4" />
		<import addon="plugin.video.HieuHien.vn" version="5.0.2" />
		<import addon="service.kodi4vn.maintenance" version="0.9" />
		<import addon="service.subtitles.phude" version="1.2.7" />
		<import addon="plugin.video.thietkeweb30s.org.truyenhinhiptv" version="1.0.4" />
		<import addon="plugin.video.f4mTester" version="5.6.2" />
        <import addon="plugin.video.thietkeweb30s.org.IPTVShare" version="1.1.1" />
        <import addon="plugin.video.kodi4vn.tvhay" version="1.0.6" />
        <import addon="plugin.video.thongld.vnplaylist" version="100.99.99.01" />
        <import addon="plugin.video.movies.thietkeweb30s.org" version="0.0.2" />
        <import addon="script.module.v137" version="999999.2.1.15" />
		<import addon="xbmc.python" version="2.26.0" />
        <import addon="script.module.cfscrape" version="1.9.4.1" />
        <import addon="script.module.future" version="0.16.0.4" />
        <import addon="script.module.pyjsparser" version="2.4.5.1" />
        <import addon="script.module.pytz" version="2014.2.1" />
        <import addon="script.module.tzlocal" version="1.3.1.1" />
		<import addon="resource.language.vi_vn" version="5.0.8" />
	</requires>
  <extension point="xbmc.addon.repository"
		name="Thietkeweb30s.org Add-on Repository">
		<info compressed="true">https://raw.githubusercontent.com/quangthylove/thietkeweb30s.org/master/addons.xml</info>
		<checksum>https://raw.githubusercontent.com/quangthylove/thietkeweb30s.org/master/addons.xml.md5</checksum>
		<datadir zip="true">https://raw.githubusercontent.com/quangthylove/thietkeweb30s.org/master/</datadir>
		<dir>
			<info>https://raw.githubusercontent.com/cguZZman/repository.plugins/master/addons-info.xml</info>
			<checksum>https://raw.githubusercontent.com/cguZZman/repository.plugins/master/addons-info.xml.md5</checksum>
			<datadir zip="true">https://raw.githubusercontent.com/cguZZman/repository.plugins/master/</datadir>
		</dir>
		<dir>
			<info compressed="false">https://raw.github.com/ddurdle/repository.ddurdle/master/addons.xml</info>
			<checksum>https://raw.github.com/ddurdle/repository.ddurdle/master/addons.xml.md5</checksum>
			<datadir zip="true">http://dmdsoftware.net/repository.ddurdle/</datadir>
		</dir>
		<dir>
			<info compressed="false">https://github.com/taifxx/xxtrep/raw/master/addons.xml</info>
			<checksum>https://github.com/taifxx/xxtrep/raw/master/addons.xml.md5</checksum>
			<datadir zip="true">https://github.com/taifxx/xxtrep/raw/master/</datadir>
		</dir>
		<dir>
			<info compressed="true">http://repo.kodi.vn/00-VMFrepo/addons.xml</info>
			<checksum>http://repo.kodi.vn/00-VMFrepo/addons.xml.md5</checksum>
			<datadir zip="true">http://repo.kodi.vn/00-VMFrepo/</datadir>
		</dir>
		<dir>
			<info compressed="false">http://thong.viettv24.com/kodi4vn/addons.xml</info>
			<checksum>http://thong.viettv24.com/kodi4vn/addons.xml.md5</checksum>
			<datadir zip="true">http://thong.viettv24.com/kodi4vn/</datadir>
		</dir>
		<dir>
			<info compressed="true">https://raw.githubusercontent.com/thaitni/xbmc.repo.xshare/master/addons.xml</info>
			<checksum>https://raw.githubusercontent.com/thaitni/xbmc.repo.xshare/master/addons.xml.md5</checksum>
			<datadir zip="true">https://raw.githubusercontent.com/thaitni/xbmc.repo.xshare/master</datadir>
		</dir>
		<dir>
                <info compressed="false">https://raw.github.com/billythekids/kodi.repository/master/addons.xml</info>
                <checksum>https://raw.github.com/billythekids/kodi.repository/master/addons.xml.md5</checksum>
                <datadir zip="true">https://github.com/billythekids/kodi.repository/raw/master/zips/</datadir>
            </dir>
		<dir>
			<info>https://github.com/CastagnaIT/repository.castagnait/raw/master/addons.xml</info>
			<checksum>https://github.com/CastagnaIT/repository.castagnait/raw/master/addons.xml.md5</checksum>
			<datadir zip="true">https://github.com/CastagnaIT/repository.castagnait/raw/master/zip</datadir>
		</dir>
	</extension>
	<extension point="xbmc.addon.metadata">
		<summary lang="en">[COLOR red][B]thietkeweb30s.org[/COLOR]-[COLOR lime]Repository tập hợp các addon và repository giải trí online trên XBMC - Kodi[/B][/COLOR]</summary>
		<description lang="en">Mọi nội dung được lấy từ Internet vì vậy chúng tôi không chịu trách nhiệm về chất lượng cũng như sự ổn định</description>
		<disclaimer lang="en"></disclaimer>
		<platform>all</platform>
	</extension>
</addon>