﻿<?xml version="1.0" encoding="UTF-8" standalone="yes"?>

<addon 
	id="repository.thietkeweb30s.org" 
	version="3.0.6" 
	name="[COLOR red][B]THIET[/B][/COLOR][COLOR blue][B]KE[/B][/COLOR][COLOR yellow][B]WEB[/B][/COLOR][COLOR lime][B]30S[/B][/COLOR].[COLOR orange][B]ORG[/B][/COLOR][B] Repository[/B]"
	provider-name="thietkeweb30s.org">
	<requires>
		<import addon="xbmc.addon" version="12.0.0"/>
	</requires>
	<extension point="xbmc.addon.repository"
		name="Thietkeweb30s.org Add-on's Repository">
		<info compressed="true">https://raw.githubusercontent.com/quangthylove/thietkeweb30s.org/master/addons.xml</info>
		<checksum>https://raw.githubusercontent.com/quangthylove/thietkeweb30s.org/master/addons.xml.md5</checksum>		
		<datadir zip="true">https://raw.githubusercontent.com/quangthylove/thietkeweb30s.org/master</datadir>
	</extension>
	<extension point="xbmc.addon.metadata">
		<summary lang="en">Install addon from Hieuhien.vn's repository</summary>
		<description lang="en">[COLOR red][B]thietkeweb30s.org[/COLOR]-[COLOR lime]Repository tập hợp các addon và repository giải trí online trên XBMC - Kodi[/B][/COLOR]</description>
		<disclaimer lang="en">Mọi nội dung được lấy từ Internet vì vậy chúng tôi không chịu trách nhiệm về chất lượng cũng như sự ổn định</disclaimer>
		<email>honhakhanhquynh@gmail.com</email>
		<platform>all</platform>
	</extension>
</addon>