<?xml version="1.0" encoding="UTF-8" standalone="yes"?>
	<addon id="script.module.v137" version="999999.2.1.15" name="V137 Modules" provider-name="V137">
		<requires>
			<import addon="xbmc.python" version="2.1.0" />
			<import addon="script.module.beautifulsoup4" />
			<import addon="script.module.html5lib" />
			<import addon="script.module.pil" />
			<import addon="script.module.requests" />
			<import addon="script.module.resolveurl" />
			<import addon="script.module.urlresolver" />
		</requires>
		<extension point="xbmc.python.module" library="lib" />
		<extension point="xbmc.addon.metadata">
			<summary>V137 Modules</summary>
			<description>V137 Modules</description>
			<platform>all</platform>
		</extension>
	</addon>