<?xml version="1.0" encoding="UTF-8" standalone="yes"?>
<addon
  id="plugin.video.thietkeweb30s.org.xemphimmienphi"
  version="0.1"
  name="[COLOR magenta]XemPhimMienPhi.net[/COLOR]"
  provider-name="Thietkeweb30s.org">
  <requires>
    <import addon="xbmc.python" version="2.1.0"/>
    <import addon="script.module.xbmcswift2" version="1.3.1" />
    <import addon="plugin.video.youtube" version="4.4.1" />
    <import addon="script.module.requests" version="1" />
    <import addon="script.module.urlresolver" version="0.0.1"/>
  </requires>
  <extension point="xbmc.python.module" library="default.py" />
  <extension point="xbmc.addon.metadata">
    <summary>XemPhimMienPhi</summary>
    <description>Watch free XemPhimMienPhi.net (Vietnamese) Videos</description>
    <platform>all</platform>
  </extension>
</addon>