﻿<?xml version="1.0" encoding="UTF-8" standalone="yes"?>
<addon id="plugin.video.hkn.hdonline" name="[COLOR green]*[/COLOR]HDOnline" version="1.0.7" provider-name="anhlon">
	<requires>
		<import addon="xbmc.python" version="2.1.0"/>
		<import addon="script.module.framework" version="1.4"/>
	</requires>
	<extension point="xbmc.python.pluginsource" library="default.py" />
	<extension point="xbmc.addon.metadata">
		<summary lang="en"></summary>
		<description lang="en"></description>
		<disclaimer lang="en"></disclaimer>
		<platform>all</platform>
	</extension>
</addon>
