﻿<?xml version="1.0" encoding="UTF-8" standalone="yes"?>
<addon id="plugin.video.thietkeweb30s.org.zingtv" name="[COLOR lime][B]Zing TV[/B][/COLOR]" version="1.0.4" provider-name="Thietkeweb30s.org">
	<requires>
		<import addon="xbmc.python" version="2.6.0"/>
		<import addon="script.module.simplejson" optional="true"/>
		<import addon="script.common.plugin.cache" version="2.5.5"/>
	</requires>
	<extension point="xbmc.python.pluginsource" library="default.py">
	</extension>
	<extension point="xbmc.addon.metadata">
		<summary lang="en"></summary>
		<description lang="en"></description>
		<disclaimer lang="en"></disclaimer>
		<platform>all</platform>
	</extension>
</addon>
