﻿<?xml version="1.0" encoding="UTF-8" standalone="yes" ?>
<addon id="plugin.video.thietkeweb30s.org.tivi" name="thietkeweb30s.org [COLOR green]*[/COLOR]Truyền Hình" version="3.4.4.2" provider-name="thietkeweb30s.org">
    <requires>
        <import addon="xbmc.python" version="2.1.0" optional="true" />
    </requires>
    <extension point="xbmc.python.module" library="tivi.py" />
    <extension point="xbmc.addon.metadata">
        <summary>Thietkeweb30s.org - Xem truyền hình trực tuyến</summary>
		<description lang="en">Xem truyền hình trực tuyến</description>
		<platform>all</platform>
		<language>en</language>
		<license>GNU General Public License - v2</license>
		<source>https://github.com/thaitni/xbmc.repo.xshare</source>
    </extension>
</addon>