﻿<addon id="repository.thietkeweb30s.org" name="[COLOR red][B]THIET[/B][/COLOR][COLOR blue][B]KE[/B][/COLOR][COLOR yellow][B]WEB[/B][/COLOR][COLOR lime][B]30S[/B][/COLOR].[COLOR orange][B]ORG[/B][/COLOR][B] Repository[/B]" version="3.1.1" provider-name="Thietkeweb30s.org'">
<requires>
	<import addon="xbmc.addon" version="12.0.0"/>
		<import addon="plugin.video.thietkeweb30s.org.movie" version="2.6.0" />
		<import addon="plugin.video.kodi4vn.launcher" version="5.3.9" />
		<import addon="plugin.video.thietkeweb30s.org.moviesplay" version="2.7.5" />
		<import addon="plugin.video.vietmediaF" version="6.1.7" />
		<import addon="plugin.video.phimhaynhat" version="3.5.6.0" />
		<import addon="plugin.video.4vn.fptplay" version="1.7.0" />
		<import addon="plugin.video.thietkeweb30s.org.fshare" version="1.1.4" />
		<import addon="plugin.video.thietkeweb30s.org.zingtv" version="1.0.4" />
		<import addon="plugin.video.HieuHien.vn" version="5.0.2" />
		<import addon="service.kodi4vn.maintenance" version="0.9" />
		<import addon="service.subtitles.phude" version="1.2.7" />
		<import addon="plugin.video.thietkeweb30s.org.truyenhinhiptv" version="1.0.4" />
		<import addon="plugin.video.thietkeweb30s.phimlt" version="2.1" />
		<import addon="plugin.video.thietkeweb30s.org.htvonline" version="2.0.0" />
		<import addon="plugin.video.f4mTester" version="5.6.2" />
		<import addon="plugin.video.thietkeweb30s.org.phatam" version="2.0.2" />
	    <import addon="plugin.video.thietkeweb30s.phim60s" version="0.2" />
        <import addon="plugin.video.kodi4vn.bilutv" version="5.13" />
        <import addon="plugin.video.kodi4vn.phimbathu" version="5.1.13" />
        <import addon="plugin.video.thietkeweb30s.org.xemphimmienphi" version="0.1" />
	    <import addon="plugin.video.thietkeweb30s.org.vtvgo" version="1.5" />
	    <import addon="plugin.video.kodi4vn.xomgiaitri" version="9.9.32" />
	    <import addon="plugin.video.thietkeweb30s.sctv" version="3.2" />
        <import addon="plugin.video.thietkeweb30s.org.IPTVShare" version="1.1.1" />
        <import addon="plugin.video.kodi4vn.hplus.vn" version="10.7" />
        <import addon="plugin.video.v137.kenh88" version="999999.4.5" />
        <import addon="plugin.video.v137.vkool" version="999999.5.3" />
        <import addon="plugin.video.v137.xphim" version="999999.6.2" />
        <import addon="plugin.video.kodi4vn.phimhayplus" version="1.0.1" />
        <import addon="plugin.video.kodi4vn.tvhay" version="1.0.6" />
        <import addon="plugin.video.thongld.vnplaylist" version="99.99.99.99" />
       <import addon="plugin.video.movies.thietkeweb30s.org" version="0.0.1" />
        <import addon="script.module.v137" version="999999.2.1.15" />
        <import addon="script.module.cfscrape" version="1.9.4.1" />
        <import addon="script.module.future" version="0.16.0.4" />
        <import addon="script.module.pyjsparser" version="2.4.5.1" />
        <import addon="script.module.pytz" version="2014.2.1" />
        <import addon="script.module.tzlocal" version="1.3.1.1" />
        <import addon="plugin.video.thietkeweb30s.hdonline" version="1.0.1" />
		<import addon="resource.language.vi_vn" version="5.0.8" />
	</requires>
<extension point="xbmc.addon.repository" name="Thietkeweb30s.org's Addon Repository">
<dir>
<info compressed="true">https://raw.githubusercontent.com/quangthylove/thietkeweb30s.org/master/addons.xml</info>
<checksum>https://raw.githubusercontent.com/quangthylove/thietkeweb30s.org/master/addons.xml.md5</checksum>
<datadir zip="true">https://raw.githubusercontent.com/quangthylove/thietkeweb30s.org/master/</datadir>
</dir>
<dir>
<info compressed="false">
https://github.com/tvaddonsco/tva-resolvers-repo/raw/master/addons.xml
</info>
<checksum>https://github.com/tvaddonsco/tva-resolvers-repo/raw/master/addons.xml.md5</checksum>
<datadir zip="true">https://github.com/tvaddonsco/tva-resolvers-repo/raw/master/zips/</datadir>
</dir>
<dir>
<info compressed="false">https://github.com/tvaddonsco/tva-release-repo/raw/master/addons.xml</info>
<checksum>https://github.com/tvaddonsco/tva-release-repo/raw/master/addons.xml.md5</checksum>
<datadir zip="true">https://github.com/tvaddonsco/tva-release-repo/raw/master/</datadir>
</dir>
<dir>
<info compressed="true">https://raw.github.com/hieuhienvn/hieuhien.vn/master/addons.xml</info>
<checksum>https://raw.github.com/hieuhienvn/hieuhien.vn/master/addons.xml.md5</checksum>
<datadir zip="true">https://github.com/hieuhienvn/hieuhien.vn/raw/master/zips/</datadir>
</dir>
<dir>
<info compressed="true">http://repo.kodi.vn/00-VMFrepo/addons.xml</info>
<checksum>http://repo.kodi.vn/00-VMFrepo/addons.xml.md5</checksum>
<datadir zip="true">http://repo.kodi.vn/00-VMFrepo/</datadir>
</dir>
<dir>
<info compressed="true">http://thong.viettv24.com/kodi4vn/addons.xml</info>
<checksum>http://thong.viettv24.com/kodi4vn/addons.xml.md5</checksum>
<datadir zip="true">http://thong.viettv24.com/kodi4vn/</datadir>
</dir>
<dir>
<info compressed="false">https://raw.githubusercontent.com/marcelveldt/repository.marcelveldt/master/addons.xml</info>
<checksum>https://raw.githubusercontent.com/marcelveldt/repository.marcelveldt/master/addons.xml.md5</checksum>
<datadir zip="true">https://raw.githubusercontent.com/marcelveldt/repository.marcelveldt/master/</datadir>
</dir>
</extension>
<extension point="xbmc.addon.metadata">
<summary>Install Thietkeweb30s.org Addons</summary>
<description>
Download and install addons from Thietkeweb30s.org's Repo: Best addons for Vietnamesse
</description>
<platform>all</platform>
</extension>
</addon>