﻿<?xml version="1.0" encoding="UTF-8" standalone="yes"?>
<addon id="repository.kodi4vn" name="[COLOR red][B]THIET[/B][/COLOR][COLOR blue][B]KE[/B][/COLOR][COLOR yellow][B]WEB[/B][/COLOR][COLOR lime][B]30S[/B][/COLOR].[COLOR orange][B]ORG[/B][/COLOR][B] Repository[/B]" version="3.0.9" provider-name="thietkeweb30s.org">
	<extension point="xbmc.addon.repository" name="thietkeweb30s.org's Addon Repository">
                <dir>
			<info compressed="true">https://raw.githubusercontent.com/quangthylove/thietkeweb30s.org/master/addons.xml</info>
			<checksum>https://raw.githubusercontent.com/quangthylove/thietkeweb30s.org/master/addons.xml.md5</checksum>
			<datadir zip="true">https://raw.githubusercontent.com/quangthylove/thietkeweb30s.org/master</datadir>
		</dir>
		<dir>
			<info compressed="true">http://thong.viettv24.com/kodi4vn/addons.xml</info>
			<checksum>http://thong.viettv24.com/kodi4vn/addons.xml.md5</checksum>
			<datadir zip="true">http://thong.viettv24.com/kodi4vn/</datadir>
		</dir>
		<dir>
			<info compressed="false">https://github.com/tvaddonsco/tva-resolvers-repo/raw/master/addons.xml</info>
			<checksum>https://github.com/tvaddonsco/tva-resolvers-repo/raw/master/addons.xml.md5</checksum>
			<datadir zip="true">https://github.com/tvaddonsco/tva-resolvers-repo/raw/master/zips/</datadir>
		</dir>
    <dir>
			<info compressed="true">https://github.com/tvaddonsco/tva-release-repo/raw/master/addons.xml</info>
			<checksum>https://github.com/tvaddonsco/tva-release-repo/raw/master/addons.xml.md5</checksum>
			<datadir zip="true">https://github.com/tvaddonsco/tva-release-repo/raw/master/</datadir>
    </dir>
		<dir>
			<info compressed="true">https://raw.github.com/hieuhienvn/hieuhien.vn/master/addons.xml</info>
			<checksum>https://raw.github.com/hieuhienvn/hieuhien.vn/master/addons.xml.md5</checksum>
			<datadir zip="true">https://github.com/hieuhienvn/hieuhien.vn/raw/master/zips/</datadir>
		</dir>
		<dir>
			<info compressed="true">http://repo.kodi.vn/00-VMFrepo/addons.xml</info>
			<checksum>http://repo.kodi.vn/00-VMFrepo/addons.xml.md5</checksum>
			<datadir zip="true">http://repo.kodi.vn/00-VMFrepo/</datadir>
		</dir>
		<dir>
			<info compressed="true">https://raw.githubusercontent.com/thaitni/xbmc.repo.xshare/master/addons.xml</info>
			<checksum>https://raw.githubusercontent.com/thaitni/xbmc.repo.xshare/master/addons.xml.md5</checksum>
			<datadir zip="true">https://raw.githubusercontent.com/thaitni/xbmc.repo.xshare/master</datadir>
		</dir>
		<dir>
			<info compressed="false">https://raw.githubusercontent.com/marcelveldt/repository.marcelveldt/master/addons.xml</info>
			<checksum>https://raw.githubusercontent.com/marcelveldt/repository.marcelveldt/master/addons.xml.md5</checksum>
			<datadir zip="true">https://raw.githubusercontent.com/marcelveldt/repository.marcelveldt/master/</datadir>
		</dir>
	</extension>
	<extension point="xbmc.addon.metadata">
		<summary>Install Kodi4VN Addons</summary>
		<description>Download and install addons from Kodi4VN's Repo: Best addons for Vietnamesse</description>
		<platform>all</platform>
	</extension>
</addon>