﻿<?xml version="1.0" encoding="UTF-8" standalone="yes"?>
<addon id="plugin.video.thietkeweb30s.sport"
       version="1.0.0"
       name="[COLOR orange]Sport [/COLOR]thể thao"
       provider-name="itv member">
  <requires>
    <import addon="xbmc.python" version="2.1.0" optional="true" />
  </requires>
  <extension point="xbmc.python.module" library="default.py" /> 
  <extension point="xbmc.addon.metadata">
    <summary>Entertainment</summary>
    <description>Xem các nội dung thể thao được cộng đồng chia sẻ</description>
	<disclaimer lang="en">Nguồn data trên web nên chúng tôi không chịu trách nhiệm về sự ổn định.</disclaimer>
    <platform>all</platform>
  </extension>
</addon>