<?xml version="1.0" encoding="UTF-8" standalone="yes"?>
<addon
  id="plugin.video.thietkeweb30s.org.vtvgo"
  version="1.5"
  name="[COLOR yellow]VTV GO[/COLOR]"
  provider-name="Thietkeweb30s.org">
  <requires>
    <import addon="xbmc.python" version="2.1.0"/>
    <import addon="script.module.xbmcswift2" version="1.3.1" />
    <import addon="script.module.requests" version="1" />
  </requires>
  <extension point="xbmc.python.module" library="default.py" />
  <extension point="xbmc.addon.metadata">
    <summary>VTV GO</summary>
    <description>Watch free vtvgo.vn (Vietnamese)</description>
    <platform>all</platform>
  </extension>
</addon>