﻿<?xml version="1.0" encoding="UTF-8" standalone="yes"?>
<addon id="plugin.video.thietkeweb30s.hdonline"
       version="1.0.0"
       name="[COLOR ffff0000]HDOnline[/COLOR]"
       provider-name="itv member">
    <requires>
        <import addon="xbmc.python" version="2.7" optional="true" />
        <import addon="plugin.video.hkn.hdonline" />
    </requires>
    <extension point="xbmc.python.module" library="default.py" />
    <extension point="xbmc.addon.metadata">
        <summary>Entertainment</summary>
        <description>Thử nghiệm xem phim tại http://hdonline.vn/</description>
	    <disclaimer lang="en">Nguồn data trên web nên chúng tôi không chịu trách nhiệm về sự ổn định.</disclaimer>
        <platform>all</platform>
    </extension>
</addon>