<?xml version="1.0" encoding="UTF-8" standalone="yes"?>
<addon id="plugin.video.movies.thietkeweb30s.org" name="Movies ( Thietkeb30s.org )" version="0.0.1" provider-name="thietkeweb30s.org">
    <requires>
        <import addon="xbmc.python" version="2.1.0"/>
        <import addon="script.module.beautifulsoup4" version="4.3.1"/>
        <import addon="script.module.pycryptodome" version="3.4.1" optional="true"/>
        <import addon="script.module.resolveurl" version="5.0.24"/>
        <import addon="script.module.requests" version="2.7.0" />
    </requires>
    <extension point="xbmc.python.pluginsource" library="default.py">
    </extension>
    <extension point="xbmc.addon.metadata">
        <summary>Movies ( Thietkeb30s.org ) addon</summary>
        <description>This plugin allows you to watch movies from several vietnamese websites likes bilutv phimmedia...
        </description>
        <disclaimer>The provider is not responsible for any issues caused by using this addon.
        </disclaimer>
        <platform>all</platform>
        <email>billythekidsde@gmail.com</email>
        <source>https://raw.githubusercontent.com/quangthylove/thietkeweb30s.org/master/</source>
    </extension>
</addon>